id,bggID,game,scoreTable,name,location,participantsCount,listParticipants,listWinners,dateLong,dateString,funLevel,duration,isFinished,comment,bggImported,bggSynced,bggIdPairingAttempts,isIgnoredFromStats
1,-1,<GameRealm>{1},<ScoreTableRealm>{0},"Arkham Horror: The Card Game – The Circle Undone: Expansion - - In the clutches of chaos",<LocationRealm>{0},4,<PlayParticipantsRealm>{0 1 2 3},<PlayParticipantsRealm>{},1577933966845,"Jan 01, 2020",75,7006135,true,<null>,false,3,0,false
2,-1,<GameRealm>{1},<ScoreTableRealm>{1},"Arkham Horror: The Card Game – The Circle Undone: Expansion - - Before the black throne",<LocationRealm>{0},4,<PlayParticipantsRealm>{4 5 6 7},<PlayParticipantsRealm>{},1578000483241,"Jan 02, 2020",85,10111684,true,<null>,false,3,0,false
3,-1,<GameRealm>{2},<ScoreTableRealm>{2},"Terraforming Mars #1 - ttes les extensions + turmoil",<LocationRealm>{0},5,<PlayParticipantsRealm>{8 9 10 11 12},<PlayParticipantsRealm>{12},1578011274808,"Jan 02, 2020",95,16421864,true,<null>,false,2,0,false
4,-1,<GameRealm>{3},<ScoreTableRealm>{3},"Spirit Island #1",<LocationRealm>{0},2,<PlayParticipantsRealm>{13 14},<PlayParticipantsRealm>{13 14},1578103597863,"Jan 03, 2020",90,5014498,true,"Suede niveau 2 + scénario heart of island",false,3,0,false
5,-1,<GameRealm>{3},<ScoreTableRealm>{4},"Spirit Island #2",<LocationRealm>{0},2,<PlayParticipantsRealm>{15 16},<PlayParticipantsRealm>{},1578108975335,"Jan 03, 2020",85,5645000,true,"France niveau 2 + rituals of fear",false,3,0,false
7,-1,<GameRealm>{0},<ScoreTableRealm>{5},"Gloomhaven #1",<LocationRealm>{1},3,<PlayParticipantsRealm>{19 18 17},<PlayParticipantsRealm>{19 18 17},1578168177997,"Jan 04, 2020",87,12519281,true,88,false,3,0,false
8,-1,<GameRealm>{3},<ScoreTableRealm>{6},"Spirit Island #3",<LocationRealm>{3},3,<PlayParticipantsRealm>{20 21 22},<PlayParticipantsRealm>{20 21 22},1578245255074,"Jan 05, 2020",95,9914908,true,"Suède 2 + révolte dahan",false,2,0,false
9,-1,<GameRealm>{4},<ScoreTableRealm>{7},"Wingspan  #1",<LocationRealm>{5},3,<PlayParticipantsRealm>{23 24 25},<PlayParticipantsRealm>{25},1578264320811,"Jan 05, 2020",90,4800000,true,<null>,false,2,0,false
10,-1,<GameRealm>{5},<ScoreTableRealm>{8},"Maracaibo #1",<LocationRealm>{0},4,<PlayParticipantsRealm>{26 27 28 29},<PlayParticipantsRealm>{28},1578530399452,"Jan 08, 2020",85,7511000,true,<null>,false,2,0,false
11,-1,<GameRealm>{6},<ScoreTableRealm>{9},"Paladins of the West King... #1",<LocationRealm>{0},3,<PlayParticipantsRealm>{30 31 32},<PlayParticipantsRealm>{32},1578621770404,"Jan 09, 2020",95,8434488,true,<null>,false,2,0,false
12,-1,<GameRealm>{3},<ScoreTableRealm>{10},"Spirit Island #4",<LocationRealm>{6},2,<PlayParticipantsRealm>{33 34},<PlayParticipantsRealm>{33 34},1578708336637,"Jan 10, 2020",95,5725740,true,"France 1",false,2,0,false
13,-1,<GameRealm>{7},<ScoreTableRealm>{11},"Thunder and lighting  #1",<LocationRealm>{6},2,<PlayParticipantsRealm>{35 36},<PlayParticipantsRealm>{35},1578715494561,"Jan 10, 2020",90,900000,true,<null>,false,2,0,false
14,-1,<GameRealm>{7},<ScoreTableRealm>{12},"Thunder and lighting  #2",<LocationRealm>{6},2,<PlayParticipantsRealm>{37 38},<PlayParticipantsRealm>{38},1578717635533,"Jan 10, 2020",90,708317,true,<null>,false,2,0,false
15,-1,<GameRealm>{7},<ScoreTableRealm>{13},"Thunder and lighting  #3",<LocationRealm>{6},2,<PlayParticipantsRealm>{39 40},<PlayParticipantsRealm>{39},1578719198642,"Jan 11, 2020",90,906000,true,<null>,false,2,0,false
16,-1,<GameRealm>{7},<ScoreTableRealm>{14},"Thunder and lighting  #4",<LocationRealm>{6},2,<PlayParticipantsRealm>{41 42},<PlayParticipantsRealm>{41},1578719262640,"Jan 11, 2020",90,532994,true,<null>,false,2,0,false
17,-1,<GameRealm>{8},<ScoreTableRealm>{15},"A Few Acres of Snow #1",<LocationRealm>{0},2,<PlayParticipantsRealm>{43 44},<PlayParticipantsRealm>{43},1578940749226,"Jan 13, 2020",90,5935794,true,<null>,false,2,0,false
18,-1,<GameRealm>{3},<ScoreTableRealm>{16},"Spirit Island #5",<LocationRealm>{0},2,<PlayParticipantsRealm>{45 46},<PlayParticipantsRealm>{45 46},1579397713356,"Jan 18, 2020",-1,8006543,true,"Suède 2 + dahan insurrection ",false,2,0,false
19,-1,<GameRealm>{2},<ScoreTableRealm>{17},"Terraforming Mars #2",<LocationRealm>{0},3,<PlayParticipantsRealm>{47 48 49},<PlayParticipantsRealm>{47},1579486482040,"Jan 19, 2020",-1,14209927,true,"Ttes extensions sauf colonie + turmoil + accélérateur ",false,2,0,false
20,-1,<GameRealm>{9},<ScoreTableRealm>{18},"Tragedy Looper #1",<LocationRealm>{0},3,<PlayParticipantsRealm>{50 51 52},<PlayParticipantsRealm>{50 52},1579569469715,"Jan 20, 2020",-1,3020184,true,<null>,false,2,0,false
21,-1,<GameRealm>{9},<ScoreTableRealm>{19},"Tragedy Looper #2",<LocationRealm>{0},3,<PlayParticipantsRealm>{53 54 55},<PlayParticipantsRealm>{53 55},1579581740120,"Jan 20, 2020",-1,7157388,true,<null>,false,2,0,false
22,-1,<GameRealm>{3},<ScoreTableRealm>{20},"Spirit Island #6",<LocationRealm>{3},3,<PlayParticipantsRealm>{56 57 58},<PlayParticipantsRealm>{56 57 58},1579800598023,"Jan 23, 2020",-1,8217961,true,"Ritual of terror +  France 2",false,2,0,false
23,-1,<GameRealm>{10},<ScoreTableRealm>{21},"Twice As Clever #1",<LocationRealm>{0},4,<PlayParticipantsRealm>{59 60 61 62},<PlayParticipantsRealm>{61},1579820016586,"Jan 23, 2020",-1,2027267,true,<null>,false,2,0,false
24,-1,<GameRealm>{2},<ScoreTableRealm>{22},"Terraforming Mars #3",<LocationRealm>{0},3,<PlayParticipantsRealm>{63 64 65},<PlayParticipantsRealm>{63},1579979214348,"Jan 25, 2020",-1,12815118,true,<null>,false,2,0,false
25,-1,<GameRealm>{11},<ScoreTableRealm>{23},"Andor #1",<LocationRealm>{6},2,<PlayParticipantsRealm>{66 67},<PlayParticipantsRealm>{66 67},1580008087715,"Jan 25, 2020",95,3608000,true,<null>,false,2,0,false
26,-1,<GameRealm>{11},<ScoreTableRealm>{24},"Andor #2",<LocationRealm>{6},2,<PlayParticipantsRealm>{68 69},<PlayParticipantsRealm>{68 69},1580008167976,"Jan 25, 2020",-1,7447205,true,<null>,false,2,0,false
27,-1,<GameRealm>{12},<ScoreTableRealm>{25},"Everdell #1",<LocationRealm>{0},3,<PlayParticipantsRealm>{70 71 72},<PlayParticipantsRealm>{71},1580079179059,"Jan 26, 2020",65,4539526,true,<null>,false,2,0,false
28,-1,<GameRealm>{13},<ScoreTableRealm>{26},"Hanabi #1",<LocationRealm>{7},3,<PlayParticipantsRealm>{73 74 75},<PlayParticipantsRealm>{73 74 75},1580415494692,"Jan 30, 2020",-1,2336163,true,<null>,false,2,0,false
29,-1,<GameRealm>{14},<ScoreTableRealm>{27},"Carcassonne #1",<LocationRealm>{7},2,<PlayParticipantsRealm>{76 77},<PlayParticipantsRealm>{77},1580419125370,"Jan 30, 2020",-1,1417873,true,<null>,false,2,0,false
30,-1,<GameRealm>{15},<ScoreTableRealm>{28},"Finstere flure #1",<LocationRealm>{7},2,<PlayParticipantsRealm>{78 79},<PlayParticipantsRealm>{79},1580422126565,"Jan 30, 2020",90,1403000,true,<null>,false,2,0,false
31,-1,<GameRealm>{16},<ScoreTableRealm>{29},"Star Wars: Outer Rim #1",<LocationRealm>{0},3,<PlayParticipantsRealm>{80 81 82},<PlayParticipantsRealm>{80},1580500479371,"Jan 31, 2020",-1,4120138,true,<null>,false,2,0,false
32,-1,<GameRealm>{17},<ScoreTableRealm>{30},"Arkham Horror: The Card G... #1",<LocationRealm>{0},4,<PlayParticipantsRealm>{83 84 85 86},<PlayParticipantsRealm>{83 84 85 86},1580588798864,"Feb 01, 2020",-1,8022975,true,<null>,false,2,0,false
33,-1,<GameRealm>{19},<ScoreTableRealm>{31},"Gùgōng #1",<LocationRealm>{0},3,<PlayParticipantsRealm>{87 88 89},<PlayParticipantsRealm>{89},1580681371398,"Feb 02, 2020",-1,3806397,true,<null>,false,2,0,false
34,-1,<GameRealm>{20},<ScoreTableRealm>{32},"Le Renard des Bois #1",<LocationRealm>{0},2,<PlayParticipantsRealm>{90 91},<PlayParticipantsRealm>{90},1581126450644,"Feb 07, 2020",-1,1165675,true,<null>,false,2,0,false
35,-1,<GameRealm>{3},<ScoreTableRealm>{33},"Spirit Island #7",<LocationRealm>{0},2,<PlayParticipantsRealm>{92 93},<PlayParticipantsRealm>{},1581128924836,"Feb 07, 2020",-1,3364561,true,"Prusse 5",false,2,0,false
36,-1,<GameRealm>{0},<ScoreTableRealm>{34},"Gloomhaven #2",<LocationRealm>{1},3,<PlayParticipantsRealm>{94 95 96},<PlayParticipantsRealm>{94 95 96},1581186376811,"Feb 08, 2020",-1,5084483,true,"Scenario 80",false,2,0,false
37,-1,<GameRealm>{0},<ScoreTableRealm>{35},"Gloomhaven #3",<LocationRealm>{1},3,<PlayParticipantsRealm>{97 98 99},<PlayParticipantsRealm>{97 98 99},1581199679933,"Feb 08, 2020",-1,2745000,true,"Scenario 34",false,2,0,false
38,-1,<GameRealm>{17},<ScoreTableRealm>{36},"Arkham Horror: The Card G... #2",<LocationRealm>{0},4,<PlayParticipantsRealm>{100 101 102 103},<PlayParticipantsRealm>{100 101 102 103},1581292454784,"Feb 09, 2020",-1,6933023,true,<null>,false,2,0,false
39,-1,<GameRealm>{21},<ScoreTableRealm>{37},"Champions of Midgard #1",<LocationRealm>{8},3,<PlayParticipantsRealm>{104 105 106},<PlayParticipantsRealm>{104},1581379142733,"Feb 10, 2020",90,5279856,true,<null>,false,2,0,false
40,-1,<GameRealm>{22},<ScoreTableRealm>{38},"Tortuga 1667 #1",<LocationRealm>{7},8,<PlayParticipantsRealm>{107 108 109 110 111 112 113 114},<PlayParticipantsRealm>{107 110 111 114},1581705242821,"Feb 14, 2020",-1,2761000,true,<null>,false,2,0,false
41,-1,<GameRealm>{0},<ScoreTableRealm>{39},"Gloomhaven #4",<LocationRealm>{1},4,<PlayParticipantsRealm>{115 116 117 118},<PlayParticipantsRealm>{},1581878276211,"Feb 16, 2020",-1,11557360,true,"Scenario 100",false,2,0,false
42,-1,<GameRealm>{13},<ScoreTableRealm>{40},"Hanabi #2",<LocationRealm>{7},4,<PlayParticipantsRealm>{119 120 121 122},<PlayParticipantsRealm>{},1581706498062,"Feb 14, 2020",-1,1801000,true,<null>,false,2,0,false
43,-1,<GameRealm>{23},<ScoreTableRealm>{41},"BANG! The Dice Game #1",<LocationRealm>{7},6,<PlayParticipantsRealm>{123 124 125 126 127 128},<PlayParticipantsRealm>{123 124 126},1581706872465,"Feb 14, 2020",-1,2712226,true,<null>,false,2,0,false
44,-1,<GameRealm>{20},<ScoreTableRealm>{42},"Le Renard des Bois #2",<LocationRealm>{0},2,<PlayParticipantsRealm>{129 130},<PlayParticipantsRealm>{130},1581894381547,"Feb 16, 2020",-1,2705244,true,<null>,false,2,0,false
45,-1,<GameRealm>{17},<ScoreTableRealm>{43},"Arkham Horror: The Card G... #3",<LocationRealm>{0},4,<PlayParticipantsRealm>{131 132 133 134},<PlayParticipantsRealm>{131 132 133 134},1581897299025,"Feb 16, 2020",-1,6354000,true,<null>,false,2,0,false
46,-1,<GameRealm>{17},<ScoreTableRealm>{44},"Arkham Horror: The Card G... #4",<LocationRealm>{0},4,<PlayParticipantsRealm>{135 136 137 138},<PlayParticipantsRealm>{135 136 137 138},1581908027016,"Feb 16, 2020",-1,4993111,true,<null>,false,2,0,false
47,-1,<GameRealm>{21},<ScoreTableRealm>{45},"Champions of Midgard #2",<LocationRealm>{8},3,<PlayParticipantsRealm>{139 140 141},<PlayParticipantsRealm>{139},1581983383829,"Feb 17, 2020",-1,7648995,true,<null>,false,2,0,false
48,-1,<GameRealm>{24},<ScoreTableRealm>{46},"Tarot #1",<LocationRealm>{0},5,<PlayParticipantsRealm>{142 143 144 145 146},<PlayParticipantsRealm>{143},1582255631193,"Feb 20, 2020",-1,4626050,true,<null>,false,2,0,false
49,-1,<GameRealm>{0},<ScoreTableRealm>{47},"Gloomhaven #5",<LocationRealm>{1},3,<PlayParticipantsRealm>{147 148 149},<PlayParticipantsRealm>{147 148 149},1582410116031,"Feb 22, 2020",-1,6381646,true,"Scenario 35",false,2,0,false
50,-1,<GameRealm>{0},<ScoreTableRealm>{48},"Gloomhaven #6",<LocationRealm>{1},3,<PlayParticipantsRealm>{150 151 152},<PlayParticipantsRealm>{150 151 152},1582424465262,"Feb 22, 2020",-1,6024381,true,"Scenario 21",false,2,0,false
51,-1,<GameRealm>{17},<ScoreTableRealm>{49},"Arkham Horror: The Card G... #5",<LocationRealm>{0},4,<PlayParticipantsRealm>{153 154 155 156},<PlayParticipantsRealm>{153 154 155 156},1582500752092,"Feb 23, 2020",-1,3639441,true,<null>,false,2,0,false
52,-1,<GameRealm>{21},<ScoreTableRealm>{50},"Champions of Midgard #3",<LocationRealm>{8},3,<PlayParticipantsRealm>{157 158 159},<PlayParticipantsRealm>{158},1582588812575,"Feb 24, 2020",-1,7350800,true,<null>,false,2,0,false
53,-1,<GameRealm>{11},<ScoreTableRealm>{51},"Andor #3",<LocationRealm>{6},2,<PlayParticipantsRealm>{160 161},<PlayParticipantsRealm>{},1582940467154,"Feb 28, 2020",-1,3186166,true,<null>,false,2,0,false
54,-1,<GameRealm>{11},<ScoreTableRealm>{52},"Andor #4",<LocationRealm>{6},2,<PlayParticipantsRealm>{162 163},<PlayParticipantsRealm>{},1582945218780,"Feb 28, 2020",-1,2701000,true,<null>,false,2,0,false
55,-1,<GameRealm>{11},<ScoreTableRealm>{53},"Andor #5",<LocationRealm>{6},2,<PlayParticipantsRealm>{164 165},<PlayParticipantsRealm>{164 165},1582945555595,"Feb 28, 2020",-1,6107567,true,<null>,false,2,0,false
56,-1,<GameRealm>{25},<ScoreTableRealm>{54},"Fairy trails #1",<LocationRealm>{2},2,<PlayParticipantsRealm>{166 167},<PlayParticipantsRealm>{167},1583040587435,"Mar 01, 2020",-1,972800,true,<null>,false,3,0,false
57,-1,<GameRealm>{26},<ScoreTableRealm>{55},"Ricochet Robots #1",<LocationRealm>{2},3,<PlayParticipantsRealm>{168 169 170},<PlayParticipantsRealm>{168 169 170},1583043339922,"Mar 01, 2020",-1,2395619,true,<null>,false,2,0,false
58,-1,<GameRealm>{27},<ScoreTableRealm>{56},"Underwater Cities #1",<LocationRealm>{0},3,<PlayParticipantsRealm>{171 172 173},<PlayParticipantsRealm>{173},1583283516764,"Mar 03, 2020",-1,8442665,true,<null>,false,2,0,false
59,-1,<GameRealm>{28},<ScoreTableRealm>{57},"Star Wars: Rebellion #1",<LocationRealm>{0},2,<PlayParticipantsRealm>{174 175},<PlayParticipantsRealm>{175},1583454789961,"Mar 05, 2020",-1,12157984,true,<null>,false,2,0,false
60,-1,<GameRealm>{11},<ScoreTableRealm>{58},"Andor #6",<LocationRealm>{6},2,<PlayParticipantsRealm>{176 177},<PlayParticipantsRealm>{176 177},1583632637485,"Mar 07, 2020",-1,4454000,true,<null>,false,2,0,false
61,-1,<GameRealm>{29},<ScoreTableRealm>{59},"Western Legends #1",<LocationRealm>{8},4,<PlayParticipantsRealm>{178 179 180 181},<PlayParticipantsRealm>{180},1583794228501,"Mar 09, 2020",-1,10055757,true,<null>,false,2,0,false
62,-1,<GameRealm>{30},<ScoreTableRealm>{60},"The Crew: The Quest for P... #1",<LocationRealm>{0},3,<PlayParticipantsRealm>{182 183 184},<PlayParticipantsRealm>{182 183 184},1584045301719,"Mar 12, 2020",-1,67000,true,<null>,false,2,0,false
63,-1,<GameRealm>{30},<ScoreTableRealm>{61},"The Crew: The Quest for P... #2",<LocationRealm>{0},3,<PlayParticipantsRealm>{185 186 187},<PlayParticipantsRealm>{185 186 187},1584045371165,"Mar 12, 2020",-1,40675,true,<null>,false,2,0,false
64,-1,<GameRealm>{30},<ScoreTableRealm>{62},"The Crew: The Quest for P... #3",<LocationRealm>{0},3,<PlayParticipantsRealm>{188 189 190},<PlayParticipantsRealm>{188 189 190},1584045458296,"Mar 12, 2020",-1,124000,true,<null>,false,2,0,false
65,-1,<GameRealm>{30},<ScoreTableRealm>{63},"The Crew: The Quest for P... #4",<LocationRealm>{0},3,<PlayParticipantsRealm>{191 192 193},<PlayParticipantsRealm>{191 192 193},1584045829890,"Mar 12, 2020",-1,343587,true,<null>,false,2,0,false
66,-1,<GameRealm>{30},<ScoreTableRealm>{64},"The Crew: The Quest for P... #5",<LocationRealm>{0},3,<PlayParticipantsRealm>{194 195 196},<PlayParticipantsRealm>{},1584046434418,"Mar 12, 2020",-1,492835,true,<null>,false,2,0,false
67,-1,<GameRealm>{30},<ScoreTableRealm>{65},"The Crew: The Quest for P... #6",<LocationRealm>{0},4,<PlayParticipantsRealm>{197 198 199 200},<PlayParticipantsRealm>{197 198 199 200},1584047000642,"Mar 12, 2020",-1,263833,true,<null>,false,2,0,false
68,-1,<GameRealm>{30},<ScoreTableRealm>{66},"The Crew: The Quest for P... #7",<LocationRealm>{0},4,<PlayParticipantsRealm>{201 202 203 204},<PlayParticipantsRealm>{201 202 203 204},1584047493212,"Mar 12, 2020",-1,510282,true,<null>,false,2,0,false
69,-1,<GameRealm>{30},<ScoreTableRealm>{67},"The Crew: The Quest for P... #8",<LocationRealm>{0},4,<PlayParticipantsRealm>{205 206 207 208},<PlayParticipantsRealm>{205 206 207 208},1584048116921,"Mar 12, 2020",-1,477429,true,<null>,false,2,0,false
70,-1,<GameRealm>{30},<ScoreTableRealm>{68},"The Crew: The Quest for P... #9",<LocationRealm>{0},4,<PlayParticipantsRealm>{209 210 211 212},<PlayParticipantsRealm>{},1584048866720,"Mar 12, 2020",-1,459449,true,<null>,false,2,0,false
71,-1,<GameRealm>{30},<ScoreTableRealm>{69},"The Crew: The Quest for P... #10",<LocationRealm>{0},4,<PlayParticipantsRealm>{213 214 215 216},<PlayParticipantsRealm>{213 214 215 216},1584049405745,"Mar 12, 2020",-1,642379,true,<null>,false,2,0,false
72,-1,<GameRealm>{30},<ScoreTableRealm>{70},"The Crew: The Quest for P... #11",<LocationRealm>{0},4,<PlayParticipantsRealm>{217 218 219 220},<PlayParticipantsRealm>{},1584050141671,"Mar 12, 2020",-1,412272,true,<null>,false,2,0,false
73,-1,<GameRealm>{30},<ScoreTableRealm>{71},"The Crew: The Quest for P... #12",<LocationRealm>{0},4,<PlayParticipantsRealm>{221 222 223 224},<PlayParticipantsRealm>{221 222 223 224},1584050647081,"Mar 12, 2020",-1,230400,true,<null>,false,2,0,false
74,-1,<GameRealm>{30},<ScoreTableRealm>{72},"The Crew: The Quest for P... #13",<LocationRealm>{0},4,<PlayParticipantsRealm>{225 226 227 228},<PlayParticipantsRealm>{225 226 227 228},1584051033625,"Mar 12, 2020",-1,499666,true,<null>,false,2,0,false
75,-1,<GameRealm>{30},<ScoreTableRealm>{73},"The Crew: The Quest for P... #14",<LocationRealm>{0},4,<PlayParticipantsRealm>{229 230 231 232},<PlayParticipantsRealm>{},1584051771626,"Mar 12, 2020",-1,652752,true,<null>,false,2,0,false
76,-1,<GameRealm>{30},<ScoreTableRealm>{74},"The Crew: The Quest for P... #15",<LocationRealm>{0},4,<PlayParticipantsRealm>{233 234 235 236},<PlayParticipantsRealm>{233 234 235 236},1584052668315,"Mar 12, 2020",-1,501003,true,<null>,false,2,0,false
77,-1,<GameRealm>{30},<ScoreTableRealm>{75},"The Crew: The Quest for P... #16",<LocationRealm>{0},4,<PlayParticipantsRealm>{237 238 239 240},<PlayParticipantsRealm>{237 238 239 240},1584053259117,"Mar 12, 2020",-1,261196,true,<null>,false,2,0,false
78,-1,<GameRealm>{31},<ScoreTableRealm>{76},"Bargain Quest #1",<LocationRealm>{0},3,<PlayParticipantsRealm>{241 242 243},<PlayParticipantsRealm>{242},1584054920755,"Mar 12, 2020",-1,2775589,true,<null>,false,2,0,false
79,-1,<GameRealm>{0},<ScoreTableRealm>{77},"Gloomhaven #7",<LocationRealm>{1},3,<PlayParticipantsRealm>{244 245 246},<PlayParticipantsRealm>{244 245 246},1584138843555,"Mar 13, 2020",-1,6992809,true,100,false,2,0,false
80,-1,<GameRealm>{0},<ScoreTableRealm>{78},"Gloomhaven #8",<LocationRealm>{1},3,<PlayParticipantsRealm>{247 248 249},<PlayParticipantsRealm>{247 248 249},1584148700736,"Mar 13, 2020",-1,7010617,true,98,false,2,0,false
81,-1,<GameRealm>{30},<ScoreTableRealm>{79},"The Crew: The Quest for P... #17",<LocationRealm>{0},4,<PlayParticipantsRealm>{250 251 252 253},<PlayParticipantsRealm>{250 251 252 253},1584212906333,"Mar 14, 2020",-1,213971,true,<null>,false,2,0,false
82,-1,<GameRealm>{16},<ScoreTableRealm>{80},"Star Wars: Outer Rim #2",<LocationRealm>{0},4,<PlayParticipantsRealm>{254 255 256 257},<PlayParticipantsRealm>{257},1584213284913,"Mar 14, 2020",-1,7290025,true,<null>,false,2,0,false
83,-1,<GameRealm>{30},<ScoreTableRealm>{81},"The Crew: The Quest for P... #18",<LocationRealm>{0},4,<PlayParticipantsRealm>{258 259 260 261},<PlayParticipantsRealm>{258 259 260 261},1584236530283,"Mar 14, 2020",-1,241000,true,<null>,false,2,0,false
84,-1,<GameRealm>{32},<ScoreTableRealm>{82},"Fuji Flush #1",<LocationRealm>{0},4,<PlayParticipantsRealm>{262 263 264 265},<PlayParticipantsRealm>{262},1584237345798,"Mar 14, 2020",-1,242000,true,<null>,false,2,0,false
85,-1,<GameRealm>{32},<ScoreTableRealm>{83},"Fuji Flush #2",<LocationRealm>{0},4,<PlayParticipantsRealm>{266 267 268 269},<PlayParticipantsRealm>{267 269},1584237412267,"Mar 14, 2020",-1,130662,true,<null>,false,2,0,false
86,-1,<GameRealm>{32},<ScoreTableRealm>{84},"Fuji Flush #3",<LocationRealm>{0},4,<PlayParticipantsRealm>{270 271 272 273},<PlayParticipantsRealm>{271},1584237590949,"Mar 14, 2020",-1,158652,true,<null>,false,2,0,false
87,-1,<GameRealm>{33},<ScoreTableRealm>{85},"Witness #1",<LocationRealm>{0},4,<PlayParticipantsRealm>{274 275 276 277},<PlayParticipantsRealm>{},1584238003002,"Mar 14, 2020",-1,797757,true,<null>,false,2,0,false
88,-1,<GameRealm>{2},<ScoreTableRealm>{86},"Terraforming Mars #4",<LocationRealm>{0},3,<PlayParticipantsRealm>{278 279 280},<PlayParticipantsRealm>{279},1584285638768,"Mar 15, 2020",-1,15243318,true,"Ttes extensions ",false,2,0,false
89,-1,<GameRealm>{17},<ScoreTableRealm>{87},"Arkham Horror: The Card G... #6",<LocationRealm>{0},4,<PlayParticipantsRealm>{281 282 283 284},<PlayParticipantsRealm>{},1584318277160,"Mar 15, 2020",-1,11959179,true,<null>,false,2,0,false
90,-1,<GameRealm>{20},<ScoreTableRealm>{88},"Le Renard des Bois #3",<LocationRealm>{9},2,<PlayParticipantsRealm>{285 286},<PlayParticipantsRealm>{286},1584398633429,"Mar 16, 2020",-1,2936252,true,<null>,false,2,0,false
91,-1,<GameRealm>{34},<ScoreTableRealm>{89},"Codenames: Duet #1",<LocationRealm>{9},2,<PlayParticipantsRealm>{287 288},<PlayParticipantsRealm>{},1584405306592,"Mar 16, 2020",-1,601000,true,<null>,false,2,0,false
92,-1,<GameRealm>{34},<ScoreTableRealm>{90},"Codenames: Duet #2",<LocationRealm>{9},2,<PlayParticipantsRealm>{289 290},<PlayParticipantsRealm>{289 290},1584405389003,"Mar 16, 2020",-1,745408,true,<null>,false,2,0,false
93,-1,<GameRealm>{34},<ScoreTableRealm>{91},"Codenames: Duet #3",<LocationRealm>{9},2,<PlayParticipantsRealm>{291 292},<PlayParticipantsRealm>{},1584406268532,"Mar 16, 2020",-1,931919,true,<null>,false,2,0,false
94,-1,<GameRealm>{34},<ScoreTableRealm>{92},"Codenames: Duet #4",<LocationRealm>{9},2,<PlayParticipantsRealm>{293 294},<PlayParticipantsRealm>{293 294},1584407244802,"Mar 16, 2020",-1,1261090,true,<null>,false,2,0,false
95,-1,<GameRealm>{30},<ScoreTableRealm>{93},"The Crew: The Quest for P... #19",<LocationRealm>{0},4,<PlayParticipantsRealm>{295 296 297 298},<PlayParticipantsRealm>{},1584489871447,"Mar 17, 2020",-1,613997,true,<null>,false,2,0,false
96,-1,<GameRealm>{30},<ScoreTableRealm>{94},"The Crew: The Quest for P... #20",<LocationRealm>{0},4,<PlayParticipantsRealm>{299 300 301 302},<PlayParticipantsRealm>{299 300 301 302},1584490557701,"Mar 17, 2020",-1,763956,true,<null>,false,2,0,false
97,-1,<GameRealm>{35},<ScoreTableRealm>{95},"Kamisado #1",<LocationRealm>{0},2,<PlayParticipantsRealm>{303 304},<PlayParticipantsRealm>{303},1584551377361,"Mar 18, 2020",-1,295200,true,<null>,false,2,0,false
98,-1,<GameRealm>{35},<ScoreTableRealm>{96},"Kamisado #2",<LocationRealm>{0},2,<PlayParticipantsRealm>{305 306},<PlayParticipantsRealm>{305},1584551553695,"Mar 18, 2020",-1,151271,true,<null>,false,2,0,false
99,-1,<GameRealm>{35},<ScoreTableRealm>{97},"Kamisado #3",<LocationRealm>{0},2,<PlayParticipantsRealm>{307 308},<PlayParticipantsRealm>{307},1584625429192,"Mar 19, 2020",-1,471774,true,<null>,false,2,0,false
100,-1,<GameRealm>{35},<ScoreTableRealm>{98},"Kamisado #4",<LocationRealm>{0},2,<PlayParticipantsRealm>{309 310},<PlayParticipantsRealm>{310},1584625962421,"Mar 19, 2020",-1,266669,true,<null>,false,2,0,false
101,-1,<GameRealm>{36},<ScoreTableRealm>{99},"That's Pretty Clever #1",<LocationRealm>{0},3,<PlayParticipantsRealm>{311 312 313},<PlayParticipantsRealm>{312},1584665285687,"Mar 19, 2020",-1,2529073,true,<null>,false,2,0,false
102,-1,<GameRealm>{20},<ScoreTableRealm>{100},"Le Renard des Bois #4",<LocationRealm>{0},2,<PlayParticipantsRealm>{314 315},<PlayParticipantsRealm>{315},1584668435432,"Mar 19, 2020",-1,1096652,true,<null>,false,2,0,false
103,-1,<GameRealm>{2},<ScoreTableRealm>{101},"Terraforming Mars #5",<LocationRealm>{0},5,<PlayParticipantsRealm>{316 317 318 319 320},<PlayParticipantsRealm>{318},1584670407479,"Mar 19, 2020",-1,13239520,true,<null>,false,2,0,false
104,-1,<GameRealm>{30},<ScoreTableRealm>{102},"The Crew: The Quest for P... #21",<LocationRealm>{0},4,<PlayParticipantsRealm>{321 322 323 324},<PlayParticipantsRealm>{321 322 323 324},1584744635991,"Mar 20, 2020",-1,28714,true,<null>,false,2,0,false
105,-1,<GameRealm>{30},<ScoreTableRealm>{103},"The Crew: The Quest for P... #22",<LocationRealm>{0},4,<PlayParticipantsRealm>{325 326 327 328},<PlayParticipantsRealm>{325 326 327 328},1584744779597,"Mar 20, 2020",-1,328979,true,<null>,false,2,0,false
106,-1,<GameRealm>{30},<ScoreTableRealm>{104},"The Crew: The Quest for P... #23",<LocationRealm>{0},4,<PlayParticipantsRealm>{329 330 331 332},<PlayParticipantsRealm>{},1584745178807,"Mar 20, 2020",-1,161593,true,<null>,false,2,0,false
107,-1,<GameRealm>{30},<ScoreTableRealm>{105},"The Crew: The Quest for P... #24",<LocationRealm>{0},4,<PlayParticipantsRealm>{333 334 335 336},<PlayParticipantsRealm>{},1584745366229,"Mar 20, 2020",-1,255218,true,<null>,false,2,0,false
108,-1,<GameRealm>{30},<ScoreTableRealm>{106},"The Crew: The Quest for P... #25",<LocationRealm>{0},4,<PlayParticipantsRealm>{337 338 339 340},<PlayParticipantsRealm>{337 338 339 340},1584745700690,"Mar 20, 2020",-1,373265,true,<null>,false,2,0,false
109,-1,<GameRealm>{30},<ScoreTableRealm>{107},"The Crew: The Quest for P... #26",<LocationRealm>{0},4,<PlayParticipantsRealm>{341 342 343 344},<PlayParticipantsRealm>{},1584746230378,"Mar 20, 2020",-1,237876,true,<null>,false,2,0,false
110,-1,<GameRealm>{30},<ScoreTableRealm>{108},"The Crew: The Quest for P... #27",<LocationRealm>{0},4,<PlayParticipantsRealm>{345 346 347 348},<PlayParticipantsRealm>{345 346 347 348},1584746474582,"Mar 20, 2020",-1,628170,true,<null>,false,2,0,false
111,-1,<GameRealm>{37},<ScoreTableRealm>{109},"Root #1",<LocationRealm>{0},4,<PlayParticipantsRealm>{349 350 351 352},<PlayParticipantsRealm>{350},1584813475253,"Mar 21, 2020",-1,5224962,true,<null>,false,2,0,false
112,-1,<GameRealm>{16},<ScoreTableRealm>{110},"Star Wars: Outer Rim #3",<LocationRealm>{0},4,<PlayParticipantsRealm>{353 354 355 356},<PlayParticipantsRealm>{355},1584822078337,"Mar 21, 2020",-1,7259597,true,<null>,false,2,0,false
113,-1,<GameRealm>{38},<ScoreTableRealm>{111},"A Feast for Odin #1",<LocationRealm>{0},4,<PlayParticipantsRealm>{357 358 359 360},<PlayParticipantsRealm>{357},1584901812696,"Mar 22, 2020",-1,11716000,true,<null>,false,2,0,false
114,-1,<GameRealm>{39},<ScoreTableRealm>{112},"Eminent Domain #1",<LocationRealm>{10},2,<PlayParticipantsRealm>{361 362},<PlayParticipantsRealm>{362},1585004345080,"Mar 23, 2020",-1,2161000,true,<null>,false,2,0,false
115,-1,<GameRealm>{40},<ScoreTableRealm>{113},"The King's Guild #1",<LocationRealm>{10},3,<PlayParticipantsRealm>{363 364 365},<PlayParticipantsRealm>{364},1585005855682,"Mar 23, 2020",-1,5702165,true,<null>,false,2,0,false
116,-1,<GameRealm>{41},<ScoreTableRealm>{114},"Codenames #1",<LocationRealm>{10},6,<PlayParticipantsRealm>{366 367 368 369 370 371},<PlayParticipantsRealm>{366 367 368},1585092154360,"Mar 24, 2020",-1,1639401,true,<null>,false,2,0,false
117,-1,<GameRealm>{41},<ScoreTableRealm>{115},"Codenames #2",<LocationRealm>{10},6,<PlayParticipantsRealm>{372 373 374 375 376 377},<PlayParticipantsRealm>{372 373 374},1585094700395,"Mar 24, 2020",-1,1511655,true,<null>,false,2,0,false
118,-1,<GameRealm>{41},<ScoreTableRealm>{116},"Codenames #3",<LocationRealm>{10},6,<PlayParticipantsRealm>{378 379 380 381 382 383},<PlayParticipantsRealm>{381 382 383},1585096694951,"Mar 24, 2020",-1,971753,true,<null>,false,2,0,false
119,-1,<GameRealm>{41},<ScoreTableRealm>{117},"Codenames #4",<LocationRealm>{10},6,<PlayParticipantsRealm>{384 385 386 387 388 389},<PlayParticipantsRealm>{384 387 388},1585097822387,"Mar 24, 2020",-1,2232456,true,<null>,false,2,0,false
120,-1,<GameRealm>{41},<ScoreTableRealm>{118},"Codenames #5",<LocationRealm>{10},6,<PlayParticipantsRealm>{390 391 392 393 394 395},<PlayParticipantsRealm>{391 392 395},1585100658214,"Mar 24, 2020",-1,1693734,true,<null>,false,2,0,false
121,-1,<GameRealm>{41},<ScoreTableRealm>{119},"Codenames #6",<LocationRealm>{10},6,<PlayParticipantsRealm>{396 397 398 399 400 401},<PlayParticipantsRealm>{396 399 400},1585102997094,"Mar 24, 2020",-1,752191,true,<null>,false,2,0,false
122,-1,<GameRealm>{42},<ScoreTableRealm>{120},"Le Havre #1",<LocationRealm>{0},4,<PlayParticipantsRealm>{402 403 404 405},<PlayParticipantsRealm>{402},1585418345333,"Mar 28, 2020",-1,7621914,true,<null>,false,2,0,false
123,-1,<GameRealm>{43},<ScoreTableRealm>{121},"Pit #1",<LocationRealm>{0},3,<PlayParticipantsRealm>{406 407 408},<PlayParticipantsRealm>{407},1585420271131,"Mar 28, 2020",-1,181000,true,<null>,false,2,0,false
124,-1,<GameRealm>{43},<ScoreTableRealm>{122},"Pit #2",<LocationRealm>{0},3,<PlayParticipantsRealm>{409 410 411},<PlayParticipantsRealm>{410},1585420337849,"Mar 28, 2020",-1,181000,true,<null>,false,2,0,false
125,-1,<GameRealm>{44},<ScoreTableRealm>{123},"Stay Cool #1",<LocationRealm>{0},3,<PlayParticipantsRealm>{412 413 414},<PlayParticipantsRealm>{412},1585420379491,"Mar 28, 2020",-1,133596,true,<null>,false,2,0,false
126,-1,<GameRealm>{30},<ScoreTableRealm>{124},"The Crew: The Quest for P... #28",<LocationRealm>{0},4,<PlayParticipantsRealm>{415 416 417 418},<PlayParticipantsRealm>{415 416 417 418},1585504666275,"Mar 29, 2020",-1,68931,true,<null>,false,2,0,false
127,-1,<GameRealm>{30},<ScoreTableRealm>{125},"The Crew: The Quest for P... #29",<LocationRealm>{0},4,<PlayParticipantsRealm>{419 420 421 422},<PlayParticipantsRealm>{},1585504931953,"Mar 29, 2020",-1,389246,true,<null>,false,2,0,false
128,-1,<GameRealm>{30},<ScoreTableRealm>{126},"The Crew: The Quest for P... #30",<LocationRealm>{0},4,<PlayParticipantsRealm>{423 424 425 426},<PlayParticipantsRealm>{},1585505403883,"Mar 29, 2020",-1,705350,true,<null>,false,2,0,false
129,-1,<GameRealm>{30},<ScoreTableRealm>{127},"The Crew: The Quest for P... #31",<LocationRealm>{0},4,<PlayParticipantsRealm>{427 428 429 430},<PlayParticipantsRealm>{},1585506123530,"Mar 29, 2020",-1,615807,true,<null>,false,2,0,false
130,-1,<GameRealm>{30},<ScoreTableRealm>{128},"The Crew: The Quest for P... #32",<LocationRealm>{0},4,<PlayParticipantsRealm>{431 432 433 434},<PlayParticipantsRealm>{},1585507570916,"Mar 29, 2020",-1,563655,true,<null>,false,2,0,false
131,-1,<GameRealm>{30},<ScoreTableRealm>{129},"The Crew: The Quest for P... #33",<LocationRealm>{0},4,<PlayParticipantsRealm>{435 436 437 438},<PlayParticipantsRealm>{},1585508168097,"Mar 29, 2020",-1,1128213,true,<null>,false,2,0,false
132,-1,<GameRealm>{30},<ScoreTableRealm>{130},"The Crew: The Quest for P... #34",<LocationRealm>{0},4,<PlayParticipantsRealm>{439 440 441 442},<PlayParticipantsRealm>{439 440 441 442},1585509344818,"Mar 29, 2020",-1,299143,true,<null>,false,2,0,false
133,-1,<GameRealm>{40},<ScoreTableRealm>{131},"The King's Guild #2",<LocationRealm>{10},3,<PlayParticipantsRealm>{443 444 445},<PlayParticipantsRealm>{443},1585702728325,"Mar 31, 2020",-1,6901000,true,<null>,false,2,0,false
134,-1,<GameRealm>{30},<ScoreTableRealm>{132},"The Crew: The Quest for P... #35",<LocationRealm>{0},4,<PlayParticipantsRealm>{446 447 448 449},<PlayParticipantsRealm>{446 447 448 449},1585956089210,"Apr 03, 2020",-1,577690,true,38,false,2,0,false
135,-1,<GameRealm>{45},<ScoreTableRealm>{133},"Great Western Trail #1",<LocationRealm>{0},3,<PlayParticipantsRealm>{450 451 452},<PlayParticipantsRealm>{450},1586031497866,"Apr 04, 2020",-1,7607806,true,<null>,false,2,0,false
136,-1,<GameRealm>{46},<ScoreTableRealm>{134},"7 Wonders #1",<LocationRealm>{10},4,<PlayParticipantsRealm>{453 455 454 456},<PlayParticipantsRealm>{453},1586216203261,"Apr 06, 2020",-1,2162000,true,<null>,false,2,0,false
137,-1,<GameRealm>{46},<ScoreTableRealm>{135},"7 Wonders #2",<LocationRealm>{10},4,<PlayParticipantsRealm>{457 458 459 460},<PlayParticipantsRealm>{457},1586216433018,"Apr 06, 2020",-1,1115914,true,<null>,false,2,0,false
138,-1,<GameRealm>{46},<ScoreTableRealm>{136},"7 Wonders #3",<LocationRealm>{10},4,<PlayParticipantsRealm>{461 462 463 464},<PlayParticipantsRealm>{464},1586217271436,"Apr 06, 2020",-1,740283,true,<null>,false,2,0,false
139,-1,<GameRealm>{47},<ScoreTableRealm>{137},"Race for the Galaxy #1",<LocationRealm>{10},2,<PlayParticipantsRealm>{465 466},<PlayParticipantsRealm>{465},1586563639106,"Apr 10, 2020",-1,3002000,true,<null>,false,2,0,false
140,-1,<GameRealm>{47},<ScoreTableRealm>{138},"Race for the Galaxy #2",<LocationRealm>{10},2,<PlayParticipantsRealm>{467 468},<PlayParticipantsRealm>{467},1586566111681,"Apr 10, 2020",-1,2102000,true,<null>,false,2,0,false
141,-1,<GameRealm>{48},<ScoreTableRealm>{139},"Alchemists #1",<LocationRealm>{0},3,<PlayParticipantsRealm>{469 470 471},<PlayParticipantsRealm>{471},1586651945374,"Apr 11, 2020",-1,7122860,true,<null>,false,2,0,false
142,-1,<GameRealm>{49},<ScoreTableRealm>{140},"El Bandido #1",<LocationRealm>{0},3,<PlayParticipantsRealm>{472 473 474},<PlayParticipantsRealm>{},1586660395479,"Apr 11, 2020",-1,530410,true,<null>,false,2,0,false
143,-1,<GameRealm>{49},<ScoreTableRealm>{141},"El Bandido #2",<LocationRealm>{0},3,<PlayParticipantsRealm>{475 476 477},<PlayParticipantsRealm>{475 476 477},1586660962081,"Apr 11, 2020",-1,132052,true,<null>,false,2,0,false
144,-1,<GameRealm>{50},<ScoreTableRealm>{142},"Through the Ages: A New S... #1",<LocationRealm>{0},2,<PlayParticipantsRealm>{478 479},<PlayParticipantsRealm>{478},1586661239861,"Apr 11, 2020",-1,10406533,true,<null>,false,2,0,false
145,-1,<GameRealm>{51},<ScoreTableRealm>{143},"Stone Age #1",<LocationRealm>{10},3,<PlayParticipantsRealm>{480 481 482},<PlayParticipantsRealm>{481},1586713668860,"Apr 12, 2020",-1,4528000,true,<null>,false,2,0,false
146,-1,<GameRealm>{51},<ScoreTableRealm>{144},"Stone Age #2",<LocationRealm>{10},3,<PlayParticipantsRealm>{483 484 485},<PlayParticipantsRealm>{485},1586828207856,"Apr 13, 2020",-1,4501000,true,<null>,false,2,0,false
147,-1,<GameRealm>{40},<ScoreTableRealm>{145},"The King's Guild #3",<LocationRealm>{10},3,<PlayParticipantsRealm>{486 487 488},<PlayParticipantsRealm>{486},1586828276358,"Apr 13, 2020",-1,6916000,true,<null>,false,2,0,false
148,-1,<GameRealm>{52},<ScoreTableRealm>{146},"Roll for the Galaxy #1",<LocationRealm>{0},3,<PlayParticipantsRealm>{489 490 491},<PlayParticipantsRealm>{490},1586908635799,"Apr 14, 2020",-1,3661595,true,<null>,false,2,0,false
149,-1,<GameRealm>{53},<ScoreTableRealm>{147},"Puerto Rico #1",<LocationRealm>{10},3,<PlayParticipantsRealm>{492 493 494},<PlayParticipantsRealm>{493},1587142110876,"Apr 17, 2020",-1,6301000,true,<null>,false,2,0,false
150,-1,<GameRealm>{53},<ScoreTableRealm>{148},"Puerto Rico #2",<LocationRealm>{10},3,<PlayParticipantsRealm>{495 496 497},<PlayParticipantsRealm>{495},1587228834712,"Apr 18, 2020",-1,6302000,true,<null>,false,2,0,false
151,-1,<GameRealm>{54},<ScoreTableRealm>{149},"Point Salad #1",<LocationRealm>{0},3,<PlayParticipantsRealm>{498 499 500},<PlayParticipantsRealm>{500},1587235302080,"Apr 18, 2020",-1,516449,true,<null>,false,2,0,false
152,-1,<GameRealm>{30},<ScoreTableRealm>{150},"The Crew: The Quest for P... #36",<LocationRealm>{0},3,<PlayParticipantsRealm>{501 502 503},<PlayParticipantsRealm>{501 502 503},1587236561517,"Apr 18, 2020",-1,387590,true,<null>,false,2,0,false
153,-1,<GameRealm>{30},<ScoreTableRealm>{151},"The Crew: The Quest for P... #37",<LocationRealm>{0},3,<PlayParticipantsRealm>{504 505 506},<PlayParticipantsRealm>{},1587237369314,"Apr 18, 2020",-1,128560,true,22,false,2,0,false
154,-1,<GameRealm>{30},<ScoreTableRealm>{152},"The Crew: The Quest for P... #38",<LocationRealm>{0},3,<PlayParticipantsRealm>{507 508 509},<PlayParticipantsRealm>{507 508 509},1587237875615,"Apr 18, 2020",-1,237711,true,<null>,false,2,0,false
155,-1,<GameRealm>{27},<ScoreTableRealm>{153},"Underwater Cities #2",<LocationRealm>{0},3,<PlayParticipantsRealm>{510 511 512},<PlayParticipantsRealm>{510},1587253084665,"Apr 18, 2020",-1,11219573,true,<null>,false,2,0,false
156,-1,<GameRealm>{53},<ScoreTableRealm>{154},"Puerto Rico #3",<LocationRealm>{10},3,<PlayParticipantsRealm>{513 514 515},<PlayParticipantsRealm>{513},1587263068174,"Apr 18, 2020",-1,6301000,true,<null>,false,2,0,false
157,-1,<GameRealm>{53},<ScoreTableRealm>{155},"Puerto Rico #4",<LocationRealm>{10},3,<PlayParticipantsRealm>{516 517 518},<PlayParticipantsRealm>{517},1587320894252,"Apr 19, 2020",-1,6301000,true,<null>,false,2,0,false
158,-1,<GameRealm>{53},<ScoreTableRealm>{156},"Puerto Rico #5",<LocationRealm>{10},3,<PlayParticipantsRealm>{519 520 521},<PlayParticipantsRealm>{521},1587328205178,"Apr 19, 2020",-1,6304000,true,<null>,false,2,0,false
159,-1,<GameRealm>{53},<ScoreTableRealm>{157},"Puerto Rico #6",<LocationRealm>{10},3,<PlayParticipantsRealm>{522 523 524},<PlayParticipantsRealm>{522},1587673887082,"Apr 23, 2020",-1,6301000,true,<null>,false,2,0,false
160,-1,<GameRealm>{55},<ScoreTableRealm>{158},"Targui #1",<LocationRealm>{10},2,<PlayParticipantsRealm>{525 526},<PlayParticipantsRealm>{526},1587587595406,"Apr 22, 2020",-1,3601000,true,<null>,false,2,0,false
161,-1,<GameRealm>{56},<ScoreTableRealm>{159},"The Voyages of Marco Polo #1",<LocationRealm>{0},3,<PlayParticipantsRealm>{527 528 529},<PlayParticipantsRealm>{529},1587851406640,"Apr 25, 2020",-1,4886986,true,<null>,false,2,0,false
162,-1,<GameRealm>{18},<ScoreTableRealm>{160},"Blackout: Hong Kong #1",<LocationRealm>{0},3,<PlayParticipantsRealm>{530 531 532},<PlayParticipantsRealm>{530},1587931731826,"Apr 26, 2020",-1,7310372,true,<null>,false,2,0,false
163,-1,<GameRealm>{57},<ScoreTableRealm>{161},"Libertalia #1",<LocationRealm>{10},4,<PlayParticipantsRealm>{533 534 535 536},<PlayParticipantsRealm>{534},1588034064504,"Apr 27, 2020",-1,2461000,true,<null>,false,2,0,false
164,-1,<GameRealm>{57},<ScoreTableRealm>{162},"Libertalia #2",<LocationRealm>{10},3,<PlayParticipantsRealm>{537 538 539},<PlayParticipantsRealm>{537},1588034191887,"Apr 27, 2020",-1,2463000,true,<null>,false,2,0,false
165,-1,<GameRealm>{6},<ScoreTableRealm>{163},"Paladins of the West King... #2",<LocationRealm>{0},3,<PlayParticipantsRealm>{540 541 542},<PlayParticipantsRealm>{540},1588451952569,"May 02, 2020",-1,8932000,true,<null>,false,2,0,false
166,-1,<GameRealm>{6},<ScoreTableRealm>{164},"Paladins of the West King... #3",<LocationRealm>{0},3,<PlayParticipantsRealm>{543 544 545},<PlayParticipantsRealm>{543},1589649353614,"May 16, 2020",-1,7462514,true,<null>,false,2,0,false
167,-1,<GameRealm>{58},<ScoreTableRealm>{165},"Legacy: The Testament of ... #1",<LocationRealm>{0},3,<PlayParticipantsRealm>{546 547 548},<PlayParticipantsRealm>{547},1589657015444,"May 16, 2020",-1,5590794,true,<null>,false,2,0,false
168,-1,<GameRealm>{59},<ScoreTableRealm>{166},"Aeon's End #1",<LocationRealm>{0},3,<PlayParticipantsRealm>{549 550 551},<PlayParticipantsRealm>{},1590253419672,"May 23, 2020",-1,3478884,true,<null>,false,2,0,false
169,-1,<GameRealm>{59},<ScoreTableRealm>{167},"Aeon's End #2",<LocationRealm>{0},3,<PlayParticipantsRealm>{552 553 554},<PlayParticipantsRealm>{},1590258489753,"May 23, 2020",-1,3602000,true,<null>,false,2,0,false
170,-1,<GameRealm>{59},<ScoreTableRealm>{168},"Aeon's End #3",<LocationRealm>{0},3,<PlayParticipantsRealm>{555 556 557},<PlayParticipantsRealm>{555 556 557},1590287539509,"May 23, 2020",-1,2756219,true,<null>,false,2,0,false
171,-1,<GameRealm>{59},<ScoreTableRealm>{169},"Aeon's End #4",<LocationRealm>{0},3,<PlayParticipantsRealm>{558 559 560},<PlayParticipantsRealm>{558 559 560},1590351475416,"May 24, 2020",-1,4065066,true,<null>,false,2,0,false
172,-1,<GameRealm>{60},<ScoreTableRealm>{170},"Cleopatra and the Society... #1",<LocationRealm>{0},3,<PlayParticipantsRealm>{561 562 563},<PlayParticipantsRealm>{561},1590360884107,"May 24, 2020",-1,2793731,true,<null>,false,2,0,false
173,-1,<GameRealm>{59},<ScoreTableRealm>{171},"Aeon's End #5",<LocationRealm>{0},3,<PlayParticipantsRealm>{564 565 566},<PlayParticipantsRealm>{564 565 566},1590859194138,"May 30, 2020",-1,3358112,true,<null>,false,2,0,false
174,-1,<GameRealm>{30},<ScoreTableRealm>{172},"The Crew: The Quest for P... #39",<LocationRealm>{0},3,<PlayParticipantsRealm>{567 568 569},<PlayParticipantsRealm>{},1590890097690,"May 30, 2020",-1,577626,true,24,false,2,0,false
175,-1,<GameRealm>{30},<ScoreTableRealm>{173},"The Crew: The Quest for P... #40",<LocationRealm>{0},3,<PlayParticipantsRealm>{570 571 572},<PlayParticipantsRealm>{570 571 572},1590891023318,"May 30, 2020",-1,165785,true,<null>,false,2,0,false
176,-1,<GameRealm>{30},<ScoreTableRealm>{174},"The Crew: The Quest for P... #41",<LocationRealm>{0},3,<PlayParticipantsRealm>{573 574 575},<PlayParticipantsRealm>{573 574 575},1590891499957,"May 30, 2020",-1,178354,true,25,false,2,0,false
177,-1,<GameRealm>{61},<ScoreTableRealm>{175},"Russian Railroads #1",<LocationRealm>{10},3,<PlayParticipantsRealm>{576 577 578},<PlayParticipantsRealm>{577},1588174686802,"Apr 29, 2020",-1,5403000,true,<null>,false,3,0,false
178,-1,<GameRealm>{61},<ScoreTableRealm>{176},"Russian Railroads #2",<LocationRealm>{10},3,<PlayParticipantsRealm>{579 580 581},<PlayParticipantsRealm>{580},1588433992675,"May 02, 2020",-1,5401000,true,<null>,false,3,0,false
179,-1,<GameRealm>{61},<ScoreTableRealm>{177},"Russian Railroads #3",<LocationRealm>{10},3,<PlayParticipantsRealm>{582 583 584},<PlayParticipantsRealm>{583},1591544392675,"Jun 07, 2020",-1,5402000,true,<null>,false,3,0,false
181,-1,<GameRealm>{62},<ScoreTableRealm>{178},"Takenoko #1",<LocationRealm>{10},2,<PlayParticipantsRealm>{585 586},<PlayParticipantsRealm>{585},1589212219820,"May 11, 2020",-1,2701000,true,<null>,false,2,0,false
183,-1,<GameRealm>{62},<ScoreTableRealm>{179},"Takenoko #2",<LocationRealm>{10},3,<PlayParticipantsRealm>{587 588 589},<PlayParticipantsRealm>{589},1589212433465,"May 11, 2020",-1,2701000,true,<null>,false,2,0,false
184,-1,<GameRealm>{62},<ScoreTableRealm>{180},"Takenoko #3",<LocationRealm>{10},3,<PlayParticipantsRealm>{590 591 592},<PlayParticipantsRealm>{591},1589212473189,"May 11, 2020",-1,2715000,true,<null>,false,2,0,false
185,-1,<GameRealm>{62},<ScoreTableRealm>{181},"Takenoko #4",<LocationRealm>{10},3,<PlayParticipantsRealm>{593 594 595},<PlayParticipantsRealm>{593},1589212550255,"May 11, 2020",-1,2701000,true,<null>,false,2,0,false
186,-1,<GameRealm>{62},<ScoreTableRealm>{182},"Takenoko #5",<LocationRealm>{10},3,<PlayParticipantsRealm>{596 597 598},<PlayParticipantsRealm>{598},1590422215902,"May 25, 2020",-1,2701000,true,<null>,false,2,0,false
187,-1,<GameRealm>{46},<ScoreTableRealm>{183},"7 Wonders #4",<LocationRealm>{10},4,<PlayParticipantsRealm>{599 600 601 602},<PlayParticipantsRealm>{599},1589817599944,"May 18, 2020",-1,1086000,true,<null>,false,2,0,false
188,-1,<GameRealm>{46},<ScoreTableRealm>{184},"7 Wonders #5",<LocationRealm>{10},3,<PlayParticipantsRealm>{603 604 605},<PlayParticipantsRealm>{604},1589817777394,"May 18, 2020",-1,1082000,true,<null>,false,2,0,false
189,-1,<GameRealm>{46},<ScoreTableRealm>{185},"7 Wonders #6",<LocationRealm>{10},3,<PlayParticipantsRealm>{606 607 608},<PlayParticipantsRealm>{607},1589817899964,"May 18, 2020",-1,1081000,true,<null>,false,2,0,false
190,-1,<GameRealm>{46},<ScoreTableRealm>{186},"7 Wonders #7",<LocationRealm>{10},3,<PlayParticipantsRealm>{609 610 611},<PlayParticipantsRealm>{611},1590422859532,"May 25, 2020",-1,1081000,true,<null>,false,2,0,false
191,-1,<GameRealm>{46},<ScoreTableRealm>{187},"7 Wonders #8",<LocationRealm>{10},3,<PlayParticipantsRealm>{612 613 614},<PlayParticipantsRealm>{612},1590422935846,"May 25, 2020",-1,1081000,true,<null>,false,2,0,false
192,-1,<GameRealm>{46},<ScoreTableRealm>{188},"7 Wonders #9",<LocationRealm>{10},4,<PlayParticipantsRealm>{615 616 617 618},<PlayParticipantsRealm>{615},1590423023953,"May 25, 2020",-1,1081000,true,<null>,false,2,0,false
193,-1,<GameRealm>{46},<ScoreTableRealm>{189},"7 Wonders #10",<LocationRealm>{10},4,<PlayParticipantsRealm>{619 620 621 622},<PlayParticipantsRealm>{621},1590423104141,"May 25, 2020",-1,1081000,true,<null>,false,2,0,false
194,-1,<GameRealm>{46},<ScoreTableRealm>{190},"7 Wonders #11",<LocationRealm>{10},4,<PlayParticipantsRealm>{623 624 625 626},<PlayParticipantsRealm>{626},1591459995523,"Jun 06, 2020",-1,1081000,true,<null>,false,2,0,false
195,-1,<GameRealm>{47},<ScoreTableRealm>{191},"Race for the Galaxy #3",<LocationRealm>{10},2,<PlayParticipantsRealm>{627 628},<PlayParticipantsRealm>{627},1591028430399,"Jun 01, 2020",-1,601000,true,<null>,false,2,0,false
196,-1,<GameRealm>{47},<ScoreTableRealm>{192},"Race for the Galaxy #4",<LocationRealm>{10},2,<PlayParticipantsRealm>{629 630},<PlayParticipantsRealm>{629},1591287974464,"Jun 04, 2020",-1,601000,true,<null>,false,3,0,false
197,-1,<GameRealm>{47},<ScoreTableRealm>{193},"Race for the Galaxy #5",<LocationRealm>{10},2,<PlayParticipantsRealm>{631 632},<PlayParticipantsRealm>{631},1591374374464,"Jun 05, 2020",-1,605000,true,<null>,false,3,0,false
198,-1,<GameRealm>{47},<ScoreTableRealm>{194},"Race for the Galaxy #6",<LocationRealm>{10},2,<PlayParticipantsRealm>{633 634},<PlayParticipantsRealm>{633},1591719974464,"Jun 09, 2020",-1,603000,true,<null>,false,2,0,false
199,-1,<GameRealm>{47},<ScoreTableRealm>{195},"Race for the Galaxy #7",<LocationRealm>{10},2,<PlayParticipantsRealm>{635 636},<PlayParticipantsRealm>{635},1591806513088,"Jun 10, 2020",-1,601000,true,<null>,false,2,0,false
200,-1,<GameRealm>{50},<ScoreTableRealm>{196},"Through the Ages: A New S... #2",<LocationRealm>{10},2,<PlayParticipantsRealm>{637 638},<PlayParticipantsRealm>{637},1591979453598,"Jun 12, 2020",-1,2723000,true,<null>,false,2,0,false
201,-1,<GameRealm>{50},<ScoreTableRealm>{197},"Through the Ages: A New S... #3",<LocationRealm>{10},2,<PlayParticipantsRealm>{639 640},<PlayParticipantsRealm>{639},1591029217587,"Jun 01, 2020",-1,2701000,true,<null>,false,2,0,false
