play,player,order,score,finishPlace,isWinner,rating,isEnabled,isEliminated,eliminatedOrder,color,teamOrColor,bggRating,isNew
<PlayRealm>{0},<PlayerRealm>{0},0,2,2,false,0,true,false,0,-1,<null>,<null>,false
<PlayRealm>{0},<PlayerRealm>{1},1,2,2,false,0,true,false,0,-1,<null>,<null>,false
<PlayRealm>{0},<PlayerRealm>{2},2,2,2,false,0,true,false,0,-1,<null>,<null>,false
<PlayRealm>{0},<PlayerRealm>{3},3,2,2,false,0,true,false,0,-1,<null>,<null>,false
<PlayRealm>{1},<PlayerRealm>{0},0,0,2,false,0,true,false,0,-1,<null>,<null>,false
<PlayRealm>{1},<PlayerRealm>{1},1,0,2,false,0,true,false,0,-1,<null>,<null>,false
<PlayRealm>{1},<PlayerRealm>{2},2,0,2,false,0,true,false,0,-1,<null>,<null>,false
<PlayRealm>{1},<PlayerRealm>{3},3,0,2,false,0,true,false,0,-1,<null>,<null>,false
<PlayRealm>{2},<PlayerRealm>{0},0,67,2,false,75,true,false,0,-1,<null>,<null>,false
<PlayRealm>{2},<PlayerRealm>{5},1,54,3,false,50,true,false,0,-1,<null>,<null>,false
<PlayRealm>{2},<PlayerRealm>{6},2,51,5,false,0,true,false,0,-1,<null>,<null>,false
<PlayRealm>{2},<PlayerRealm>{2},3,53,4,false,25,true,false,0,-1,<null>,<null>,false
<PlayRealm>{2},<PlayerRealm>{3},4,71,1,true,100,true,false,0,-1,<null>,<null>,false
<PlayRealm>{3},<PlayerRealm>{0},0,0,1,true,100,true,false,0,-1,<null>,<null>,false
<PlayRealm>{3},<PlayerRealm>{7},1,0,1,true,100,true,false,0,-1,<null>,<null>,false
<PlayRealm>{4},<PlayerRealm>{0},0,0,2,false,0,true,false,0,-1,<null>,<null>,false
<PlayRealm>{4},<PlayerRealm>{7},1,0,2,false,0,true,false,0,-1,<null>,<null>,false
<PlayRealm>{5},<PlayerRealm>{5},0,0,1,true,100,true,false,0,-1,<null>,<null>,false
<PlayRealm>{5},<PlayerRealm>{3},1,0,1,true,100,true,false,0,-1,<null>,<null>,false
<PlayRealm>{5},<PlayerRealm>{0},2,0,1,true,100,true,false,0,-1,<null>,<null>,false
<PlayRealm>{6},<PlayerRealm>{0},0,0,1,true,100,true,false,0,-1,<null>,<null>,false
<PlayRealm>{6},<PlayerRealm>{4},1,0,1,true,100,true,false,0,-1,<null>,<null>,false
<PlayRealm>{6},<PlayerRealm>{8},2,0,1,true,100,true,false,0,-1,<null>,<null>,false
<PlayRealm>{7},<PlayerRealm>{0},0,72,2,false,50,true,false,0,-1,<null>,<null>,false
<PlayRealm>{7},<PlayerRealm>{4},1,71,3,false,0,true,false,0,-1,<null>,<null>,false
<PlayRealm>{7},<PlayerRealm>{14},2,91,1,true,100,true,false,0,-1,<null>,<null>,false
<PlayRealm>{8},<PlayerRealm>{0},0,212,2,false,66,true,false,0,-1,<null>,<null>,false
<PlayRealm>{8},<PlayerRealm>{1},1,180,4,false,0,true,false,0,-1,<null>,<null>,false
<PlayRealm>{8},<PlayerRealm>{2},2,226,1,true,100,true,false,0,-1,<null>,<null>,false
<PlayRealm>{8},<PlayerRealm>{15},3,193,3,false,33,true,false,0,-1,<null>,<null>,false
<PlayRealm>{9},<PlayerRealm>{0},0,75,2,false,50,true,false,0,-1,<null>,<null>,false
<PlayRealm>{9},<PlayerRealm>{1},1,38,3,false,0,true,false,0,-1,<null>,<null>,false
<PlayRealm>{9},<PlayerRealm>{2},2,100,1,true,100,true,false,0,-1,<null>,<null>,false
<PlayRealm>{10},<PlayerRealm>{0},0,0,1,true,100,true,false,0,-1,<null>,<null>,false
<PlayRealm>{10},<PlayerRealm>{16},1,0,1,true,100,true,false,0,-1,<null>,<null>,false
<PlayRealm>{11},<PlayerRealm>{0},0,0,1,true,100,true,false,0,-1,<null>,<null>,false
<PlayRealm>{11},<PlayerRealm>{16},1,0,2,false,0,true,false,0,-1,<null>,<null>,false
<PlayRealm>{12},<PlayerRealm>{0},0,0,2,false,0,true,false,0,-1,<null>,<null>,false
<PlayRealm>{12},<PlayerRealm>{16},1,0,1,true,100,true,false,0,-1,<null>,<null>,false
<PlayRealm>{13},<PlayerRealm>{0},0,0,1,true,100,true,false,0,-1,<null>,<null>,false
<PlayRealm>{13},<PlayerRealm>{16},1,0,2,false,0,true,false,0,-1,<null>,<null>,false
<PlayRealm>{14},<PlayerRealm>{0},0,0,1,true,100,true,false,0,-1,<null>,<null>,false
<PlayRealm>{14},<PlayerRealm>{16},1,0,2,false,0,true,false,0,-1,<null>,<null>,false
<PlayRealm>{15},<PlayerRealm>{0},0,63,1,true,100,true,false,0,-1,<null>,<null>,false
<PlayRealm>{15},<PlayerRealm>{2},1,47,2,false,0,true,false,0,-1,<null>,<null>,false
<PlayRealm>{16},<PlayerRealm>{0},0,0,1,true,100,true,false,0,-1,<null>,<null>,false
<PlayRealm>{16},<PlayerRealm>{17},1,0,1,true,100,true,false,0,-1,<null>,<null>,false
<PlayRealm>{17},<PlayerRealm>{0},0,83,1,true,100,true,false,0,-1,<null>,<null>,false
<PlayRealm>{17},<PlayerRealm>{17},1,79,2,false,50,true,false,0,-1,<null>,<null>,false
<PlayRealm>{17},<PlayerRealm>{18},2,67,3,false,0,true,false,0,-1,<null>,<null>,false
<PlayRealm>{18},<PlayerRealm>{0},0,0,1,true,100,true,false,0,-1,<null>,<null>,false
<PlayRealm>{18},<PlayerRealm>{1},1,0,2,false,0,true,false,0,-1,<null>,<null>,false
<PlayRealm>{18},<PlayerRealm>{2},2,0,1,true,100,true,false,0,-1,<null>,<null>,false
<PlayRealm>{19},<PlayerRealm>{0},0,0,1,true,100,true,false,0,-1,<null>,<null>,false
<PlayRealm>{19},<PlayerRealm>{1},1,0,2,false,0,true,false,0,-1,<null>,<null>,false
<PlayRealm>{19},<PlayerRealm>{2},2,0,1,true,100,true,false,0,-1,<null>,<null>,false
<PlayRealm>{20},<PlayerRealm>{0},0,0,1,true,100,true,false,0,-1,<null>,<null>,false
<PlayRealm>{20},<PlayerRealm>{4},1,0,1,true,100,true,false,0,-1,<null>,<null>,false
<PlayRealm>{20},<PlayerRealm>{8},2,0,1,true,100,true,false,0,-1,<null>,<null>,false
<PlayRealm>{21},<PlayerRealm>{0},0,204,2,false,66,true,false,0,-1,<null>,<null>,false
<PlayRealm>{21},<PlayerRealm>{1},1,174,3,false,33,true,false,0,-1,<null>,<null>,false
<PlayRealm>{21},<PlayerRealm>{2},2,229,1,true,100,true,false,0,-1,<null>,<null>,false
<PlayRealm>{21},<PlayerRealm>{15},3,164,4,false,0,true,false,0,-1,<null>,<null>,false
<PlayRealm>{22},<PlayerRealm>{0},0,112,1,true,100,true,false,0,-1,<null>,<null>,false
<PlayRealm>{22},<PlayerRealm>{2},1,105,2,false,50,true,false,0,-1,<null>,<null>,false
<PlayRealm>{22},<PlayerRealm>{15},2,86,3,false,0,true,false,0,-1,<null>,<null>,false
<PlayRealm>{23},<PlayerRealm>{0},0,0,1,true,100,true,false,0,-1,<null>,<null>,false
<PlayRealm>{23},<PlayerRealm>{16},1,0,1,true,100,true,false,0,-1,<null>,<null>,false
<PlayRealm>{24},<PlayerRealm>{0},0,0,1,true,100,true,false,0,-1,<null>,<null>,false
<PlayRealm>{24},<PlayerRealm>{16},1,0,1,true,100,true,false,0,-1,<null>,<null>,false
<PlayRealm>{25},<PlayerRealm>{0},0,40,3,false,0,true,false,0,-1,<null>,<null>,false
<PlayRealm>{25},<PlayerRealm>{1},1,59,1,true,100,true,false,0,-1,<null>,<null>,false
<PlayRealm>{25},<PlayerRealm>{2},2,45,2,false,50,true,false,0,-1,<null>,<null>,false
<PlayRealm>{26},<PlayerRealm>{0},0,25,1,true,100,true,false,0,-1,<null>,<null>,false
<PlayRealm>{26},<PlayerRealm>{19},1,25,1,true,100,true,false,0,-1,<null>,<null>,false
<PlayRealm>{26},<PlayerRealm>{20},2,25,1,true,100,true,false,0,-1,<null>,<null>,false
<PlayRealm>{27},<PlayerRealm>{0},0,128,2,false,0,true,false,0,-1,<null>,<null>,false
<PlayRealm>{27},<PlayerRealm>{19},1,132,1,true,100,true,false,0,-1,<null>,<null>,false
<PlayRealm>{28},<PlayerRealm>{0},0,2,2,false,0,true,false,0,-1,<null>,<null>,false
<PlayRealm>{28},<PlayerRealm>{19},1,3,1,true,100,true,false,0,-1,<null>,<null>,false
<PlayRealm>{29},<PlayerRealm>{0},0,10,1,true,100,true,false,0,-1,<null>,<null>,false
<PlayRealm>{29},<PlayerRealm>{1},1,9,2,false,50,true,false,0,-1,<null>,<null>,false
<PlayRealm>{29},<PlayerRealm>{2},2,7,3,false,0,true,false,0,-1,<null>,<null>,false
<PlayRealm>{30},<PlayerRealm>{0},0,0,1,true,100,true,false,0,-1,<null>,<null>,false
<PlayRealm>{30},<PlayerRealm>{1},1,0,1,true,100,true,false,0,-1,<null>,<null>,false
<PlayRealm>{30},<PlayerRealm>{2},2,0,1,true,100,true,false,0,-1,<null>,<null>,false
<PlayRealm>{30},<PlayerRealm>{3},3,0,1,true,100,true,false,0,-1,<null>,<null>,false
<PlayRealm>{31},<PlayerRealm>{0},0,40,3,false,0,true,false,0,-1,<null>,<null>,false
<PlayRealm>{31},<PlayerRealm>{1},1,50,2,false,50,true,false,0,-1,<null>,<null>,false
<PlayRealm>{31},<PlayerRealm>{2},2,53,1,true,100,true,false,0,-1,<null>,<null>,false
<PlayRealm>{32},<PlayerRealm>{0},0,23,1,true,100,true,false,0,-1,<null>,<null>,false
<PlayRealm>{32},<PlayerRealm>{2},1,21,2,false,0,true,false,0,-1,<null>,<null>,false
<PlayRealm>{33},<PlayerRealm>{0},0,0,2,false,0,true,false,0,-1,<null>,<null>,false
<PlayRealm>{33},<PlayerRealm>{2},1,0,2,false,0,true,false,0,-1,<null>,<null>,false
<PlayRealm>{34},<PlayerRealm>{0},0,0,1,true,100,true,false,0,-1,<null>,<null>,false
<PlayRealm>{34},<PlayerRealm>{3},1,0,1,true,100,true,false,0,-1,<null>,<null>,false
<PlayRealm>{34},<PlayerRealm>{5},2,0,1,true,100,true,false,0,-1,<null>,<null>,false
<PlayRealm>{35},<PlayerRealm>{0},0,0,1,true,100,true,false,0,-1,<null>,<null>,false
<PlayRealm>{35},<PlayerRealm>{3},1,0,1,true,100,true,false,0,-1,<null>,<null>,false
<PlayRealm>{35},<PlayerRealm>{5},2,0,1,true,100,true,false,0,-1,<null>,<null>,false
<PlayRealm>{36},<PlayerRealm>{0},0,0,1,true,100,true,false,0,-1,<null>,<null>,false
<PlayRealm>{36},<PlayerRealm>{1},1,0,1,true,100,true,false,0,-1,<null>,<null>,false
<PlayRealm>{36},<PlayerRealm>{2},2,0,1,true,100,true,false,0,-1,<null>,<null>,false
<PlayRealm>{36},<PlayerRealm>{3},3,0,1,true,100,true,false,0,-1,<null>,<null>,false
<PlayRealm>{37},<PlayerRealm>{0},0,106,1,true,100,true,false,0,-1,<null>,<null>,false
<PlayRealm>{37},<PlayerRealm>{26},1,80,2,false,50,true,false,0,-1,<null>,<null>,false
<PlayRealm>{37},<PlayerRealm>{27},2,64,3,false,0,true,false,0,-1,<null>,<null>,false
<PlayRealm>{38},<PlayerRealm>{0},0,0,1,true,100,true,false,0,-1,<null>,<null>,false
<PlayRealm>{38},<PlayerRealm>{19},1,0,2,false,0,true,false,0,-1,<null>,<null>,false
<PlayRealm>{38},<PlayerRealm>{20},2,0,2,false,0,true,false,0,-1,<null>,<null>,false
<PlayRealm>{38},<PlayerRealm>{28},3,0,1,true,100,true,false,0,-1,<null>,<null>,false
<PlayRealm>{38},<PlayerRealm>{29},4,0,1,true,100,true,false,0,-1,<null>,<null>,false
<PlayRealm>{38},<PlayerRealm>{30},5,0,2,false,0,true,false,0,-1,<null>,<null>,false
<PlayRealm>{38},<PlayerRealm>{31},6,0,2,false,0,true,false,0,-1,<null>,<null>,false
<PlayRealm>{38},<PlayerRealm>{32},7,0,1,true,100,true,false,0,-1,<null>,<null>,false
<PlayRealm>{39},<PlayerRealm>{0},0,0,2,false,0,true,false,0,-1,<null>,<null>,false
<PlayRealm>{39},<PlayerRealm>{3},1,0,2,false,0,true,false,0,-1,<null>,<null>,false
<PlayRealm>{39},<PlayerRealm>{4},2,0,2,false,0,true,false,0,-1,<null>,<null>,false
<PlayRealm>{39},<PlayerRealm>{5},3,0,2,false,0,true,false,0,-1,<null>,<null>,false
<PlayRealm>{40},<PlayerRealm>{0},0,0,2,false,0,true,false,0,-1,<null>,<null>,false
<PlayRealm>{40},<PlayerRealm>{19},1,0,2,false,0,true,false,0,-1,<null>,<null>,false
<PlayRealm>{40},<PlayerRealm>{20},2,0,2,false,0,true,false,0,-1,<null>,<null>,false
<PlayRealm>{40},<PlayerRealm>{31},3,0,2,false,0,true,false,0,-1,<null>,<null>,false
<PlayRealm>{41},<PlayerRealm>{0},0,0,1,true,100,true,false,0,-1,<null>,<null>,false
<PlayRealm>{41},<PlayerRealm>{19},1,0,1,true,100,true,false,0,-1,<null>,<null>,false
<PlayRealm>{41},<PlayerRealm>{20},2,0,2,false,0,true,false,0,-1,<null>,<null>,false
<PlayRealm>{41},<PlayerRealm>{29},3,0,1,true,100,true,false,0,-1,<null>,<null>,false
<PlayRealm>{41},<PlayerRealm>{30},4,0,2,false,0,true,false,0,-1,<null>,<null>,false
<PlayRealm>{41},<PlayerRealm>{31},5,0,2,false,0,true,false,0,-1,<null>,<null>,false
<PlayRealm>{42},<PlayerRealm>{0},0,21,2,false,0,true,false,0,-1,<null>,<null>,false
<PlayRealm>{42},<PlayerRealm>{3},1,24,1,true,100,true,false,0,-1,<null>,<null>,false
<PlayRealm>{43},<PlayerRealm>{0},0,0,1,true,100,true,false,0,-1,<null>,<null>,false
<PlayRealm>{43},<PlayerRealm>{1},1,0,1,true,100,true,false,0,-1,<null>,<null>,false
<PlayRealm>{43},<PlayerRealm>{2},2,0,1,true,100,true,false,0,-1,<null>,<null>,false
<PlayRealm>{43},<PlayerRealm>{3},3,0,1,true,100,true,false,0,-1,<null>,<null>,false
<PlayRealm>{44},<PlayerRealm>{0},0,0,1,true,100,true,false,0,-1,<null>,<null>,false
<PlayRealm>{44},<PlayerRealm>{1},1,0,1,true,100,true,false,0,-1,<null>,<null>,false
<PlayRealm>{44},<PlayerRealm>{2},2,0,1,true,100,true,false,0,-1,<null>,<null>,false
<PlayRealm>{44},<PlayerRealm>{3},3,0,1,true,100,true,false,0,-1,<null>,<null>,false
<PlayRealm>{45},<PlayerRealm>{0},0,133,1,true,100,true,false,0,-1,<null>,<null>,false
<PlayRealm>{45},<PlayerRealm>{26},1,128,3,false,0,true,false,0,-1,<null>,<null>,false
<PlayRealm>{45},<PlayerRealm>{33},2,130,2,false,50,true,false,0,-1,<null>,<null>,false
<PlayRealm>{46},<PlayerRealm>{0},0,-100,4,false,25,true,false,0,-1,<null>,<null>,false
<PlayRealm>{46},<PlayerRealm>{1},1,170,1,true,100,true,false,0,-1,<null>,<null>,false
<PlayRealm>{46},<PlayerRealm>{2},2,-160,5,false,0,true,false,0,-1,<null>,<null>,false
<PlayRealm>{46},<PlayerRealm>{34},3,100,2,false,75,true,false,0,-1,<null>,<null>,false
<PlayRealm>{46},<PlayerRealm>{35},4,-10,3,false,50,true,false,0,-1,<null>,<null>,false
<PlayRealm>{47},<PlayerRealm>{0},0,0,1,true,100,true,false,0,-1,<null>,<null>,false
<PlayRealm>{47},<PlayerRealm>{3},1,0,1,true,100,true,false,0,-1,<null>,<null>,false
<PlayRealm>{47},<PlayerRealm>{5},2,0,1,true,100,true,false,0,-1,<null>,<null>,false
<PlayRealm>{48},<PlayerRealm>{0},0,0,1,true,100,true,false,0,-1,<null>,<null>,false
<PlayRealm>{48},<PlayerRealm>{3},1,0,1,true,100,true,false,0,-1,<null>,<null>,false
<PlayRealm>{48},<PlayerRealm>{5},2,0,1,true,100,true,false,0,-1,<null>,<null>,false
<PlayRealm>{49},<PlayerRealm>{0},0,0,1,true,100,true,false,0,-1,<null>,<null>,false
<PlayRealm>{49},<PlayerRealm>{1},1,0,1,true,100,true,false,0,-1,<null>,<null>,false
<PlayRealm>{49},<PlayerRealm>{2},2,0,1,true,100,true,false,0,-1,<null>,<null>,false
<PlayRealm>{49},<PlayerRealm>{3},3,0,1,true,100,true,false,0,-1,<null>,<null>,false
<PlayRealm>{50},<PlayerRealm>{0},0,148,2,false,50,true,false,0,-1,<null>,<null>,false
<PlayRealm>{50},<PlayerRealm>{26},1,183,1,true,100,true,false,0,-1,<null>,<null>,false
<PlayRealm>{50},<PlayerRealm>{27},2,133,3,false,0,true,false,0,-1,<null>,<null>,false
<PlayRealm>{51},<PlayerRealm>{0},0,0,2,false,0,true,false,0,-1,<null>,<null>,false
<PlayRealm>{51},<PlayerRealm>{16},1,0,2,false,0,true,false,0,-1,<null>,<null>,false
<PlayRealm>{52},<PlayerRealm>{0},0,0,2,false,0,true,false,0,-1,<null>,<null>,false
<PlayRealm>{52},<PlayerRealm>{16},1,0,2,false,0,true,false,0,-1,<null>,<null>,false
<PlayRealm>{53},<PlayerRealm>{0},0,0,1,true,100,true,false,0,-1,<null>,<null>,false
<PlayRealm>{53},<PlayerRealm>{16},1,0,1,true,100,true,false,0,-1,<null>,<null>,false
<PlayRealm>{54},<PlayerRealm>{0},0,0,2,false,0,true,false,0,-1,<null>,<null>,false
<PlayRealm>{54},<PlayerRealm>{9},1,1,1,true,100,true,false,0,-1,<null>,<null>,false
<PlayRealm>{55},<PlayerRealm>{0},0,0,1,true,100,true,false,0,-1,<null>,<null>,false
<PlayRealm>{55},<PlayerRealm>{36},1,0,1,true,100,true,false,0,-1,<null>,<null>,false
<PlayRealm>{55},<PlayerRealm>{9},2,0,1,true,100,true,false,0,-1,<null>,<null>,false
<PlayRealm>{56},<PlayerRealm>{0},0,97,2,false,50,true,false,0,-1,<null>,<null>,false
<PlayRealm>{56},<PlayerRealm>{1},1,89,3,false,0,true,false,0,-1,<null>,<null>,false
<PlayRealm>{56},<PlayerRealm>{2},2,105,1,true,100,true,false,0,-1,<null>,<null>,false
<PlayRealm>{57},<PlayerRealm>{0},0,0,2,false,0,true,false,0,-1,<null>,<null>,false
<PlayRealm>{57},<PlayerRealm>{2},1,0,1,true,100,true,false,0,-1,<null>,<null>,false
<PlayRealm>{58},<PlayerRealm>{0},0,0,1,true,100,true,false,0,-1,<null>,<null>,false
<PlayRealm>{58},<PlayerRealm>{16},1,0,1,true,100,true,false,0,-1,<null>,<null>,false
<PlayRealm>{59},<PlayerRealm>{0},0,13,4,false,0,true,false,0,-1,<null>,<null>,false
<PlayRealm>{59},<PlayerRealm>{26},1,19,2,false,66,true,false,0,-1,<null>,<null>,false
<PlayRealm>{59},<PlayerRealm>{27},2,23,1,true,100,true,false,0,-1,<null>,<null>,false
<PlayRealm>{59},<PlayerRealm>{33},3,15,3,false,33,true,false,0,-1,<null>,<null>,false
<PlayRealm>{60},<PlayerRealm>{0},0,0,1,true,100,true,false,0,-1,<null>,<null>,false
<PlayRealm>{60},<PlayerRealm>{1},1,0,1,true,100,true,false,0,-1,<null>,<null>,false
<PlayRealm>{60},<PlayerRealm>{2},2,0,1,true,100,true,false,0,-1,<null>,<null>,false
<PlayRealm>{61},<PlayerRealm>{0},0,0,1,true,100,true,false,0,-1,<null>,<null>,false
<PlayRealm>{61},<PlayerRealm>{1},1,0,1,true,100,true,false,0,-1,<null>,<null>,false
<PlayRealm>{61},<PlayerRealm>{2},2,0,1,true,100,true,false,0,-1,<null>,<null>,false
<PlayRealm>{62},<PlayerRealm>{0},0,0,1,true,100,true,false,0,-1,<null>,<null>,false
<PlayRealm>{62},<PlayerRealm>{1},1,0,1,true,100,true,false,0,-1,<null>,<null>,false
<PlayRealm>{62},<PlayerRealm>{2},2,0,1,true,100,true,false,0,-1,<null>,<null>,false
<PlayRealm>{63},<PlayerRealm>{0},0,0,1,true,100,true,false,0,-1,<null>,<null>,false
<PlayRealm>{63},<PlayerRealm>{1},1,0,1,true,100,true,false,0,-1,<null>,<null>,false
<PlayRealm>{63},<PlayerRealm>{2},2,0,1,true,100,true,false,0,-1,<null>,<null>,false
<PlayRealm>{64},<PlayerRealm>{0},0,0,2,false,0,true,false,0,-1,<null>,<null>,false
<PlayRealm>{64},<PlayerRealm>{1},1,0,2,false,0,true,false,0,-1,<null>,<null>,false
<PlayRealm>{64},<PlayerRealm>{2},2,0,2,false,0,true,false,0,-1,<null>,<null>,false
<PlayRealm>{65},<PlayerRealm>{0},0,0,1,true,100,true,false,0,-1,<null>,<null>,false
<PlayRealm>{65},<PlayerRealm>{1},1,0,1,true,100,true,false,0,-1,<null>,<null>,false
<PlayRealm>{65},<PlayerRealm>{2},2,0,1,true,100,true,false,0,-1,<null>,<null>,false
<PlayRealm>{65},<PlayerRealm>{37},3,0,1,true,100,true,false,0,-1,<null>,<null>,false
<PlayRealm>{66},<PlayerRealm>{0},0,0,1,true,100,true,false,0,-1,<null>,<null>,false
<PlayRealm>{66},<PlayerRealm>{1},1,0,1,true,100,true,false,0,-1,<null>,<null>,false
<PlayRealm>{66},<PlayerRealm>{2},2,0,1,true,100,true,false,0,-1,<null>,<null>,false
<PlayRealm>{66},<PlayerRealm>{37},3,0,1,true,100,true,false,0,-1,<null>,<null>,false
<PlayRealm>{67},<PlayerRealm>{0},0,0,1,true,100,true,false,0,-1,<null>,<null>,false
<PlayRealm>{67},<PlayerRealm>{1},1,0,1,true,100,true,false,0,-1,<null>,<null>,false
<PlayRealm>{67},<PlayerRealm>{2},2,0,1,true,100,true,false,0,-1,<null>,<null>,false
<PlayRealm>{67},<PlayerRealm>{37},3,0,1,true,100,true,false,0,-1,<null>,<null>,false
<PlayRealm>{68},<PlayerRealm>{0},0,0,2,false,0,true,false,0,-1,<null>,<null>,false
<PlayRealm>{68},<PlayerRealm>{1},1,0,2,false,0,true,false,0,-1,<null>,<null>,false
<PlayRealm>{68},<PlayerRealm>{2},2,0,2,false,0,true,false,0,-1,<null>,<null>,false
<PlayRealm>{68},<PlayerRealm>{37},3,0,2,false,0,true,false,0,-1,<null>,<null>,false
<PlayRealm>{69},<PlayerRealm>{0},0,0,1,true,100,true,false,0,-1,<null>,<null>,false
<PlayRealm>{69},<PlayerRealm>{1},1,0,1,true,100,true,false,0,-1,<null>,<null>,false
<PlayRealm>{69},<PlayerRealm>{2},2,0,1,true,100,true,false,0,-1,<null>,<null>,false
<PlayRealm>{69},<PlayerRealm>{37},3,0,1,true,100,true,false,0,-1,<null>,<null>,false
<PlayRealm>{70},<PlayerRealm>{0},0,0,2,false,0,true,false,0,-1,<null>,<null>,false
<PlayRealm>{70},<PlayerRealm>{1},1,0,2,false,0,true,false,0,-1,<null>,<null>,false
<PlayRealm>{70},<PlayerRealm>{2},2,0,2,false,0,true,false,0,-1,<null>,<null>,false
<PlayRealm>{70},<PlayerRealm>{37},3,0,2,false,0,true,false,0,-1,<null>,<null>,false
<PlayRealm>{71},<PlayerRealm>{0},0,0,1,true,100,true,false,0,-1,<null>,<null>,false
<PlayRealm>{71},<PlayerRealm>{1},1,0,1,true,100,true,false,0,-1,<null>,<null>,false
<PlayRealm>{71},<PlayerRealm>{2},2,0,1,true,100,true,false,0,-1,<null>,<null>,false
<PlayRealm>{71},<PlayerRealm>{37},3,0,1,true,100,true,false,0,-1,<null>,<null>,false
<PlayRealm>{72},<PlayerRealm>{0},0,0,1,true,100,true,false,0,-1,<null>,<null>,false
<PlayRealm>{72},<PlayerRealm>{1},1,0,1,true,100,true,false,0,-1,<null>,<null>,false
<PlayRealm>{72},<PlayerRealm>{2},2,0,1,true,100,true,false,0,-1,<null>,<null>,false
<PlayRealm>{72},<PlayerRealm>{37},3,0,1,true,100,true,false,0,-1,<null>,<null>,false
<PlayRealm>{73},<PlayerRealm>{0},0,0,2,false,0,true,false,0,-1,<null>,<null>,false
<PlayRealm>{73},<PlayerRealm>{1},1,0,2,false,0,true,false,0,-1,<null>,<null>,false
<PlayRealm>{73},<PlayerRealm>{2},2,0,2,false,0,true,false,0,-1,<null>,<null>,false
<PlayRealm>{73},<PlayerRealm>{37},3,0,2,false,0,true,false,0,-1,<null>,<null>,false
<PlayRealm>{74},<PlayerRealm>{0},0,0,1,true,100,true,false,0,-1,<null>,<null>,false
<PlayRealm>{74},<PlayerRealm>{1},1,0,1,true,100,true,false,0,-1,<null>,<null>,false
<PlayRealm>{74},<PlayerRealm>{2},2,0,1,true,100,true,false,0,-1,<null>,<null>,false
<PlayRealm>{74},<PlayerRealm>{37},3,0,1,true,100,true,false,0,-1,<null>,<null>,false
<PlayRealm>{75},<PlayerRealm>{0},0,0,1,true,100,true,false,0,-1,<null>,<null>,false
<PlayRealm>{75},<PlayerRealm>{1},1,0,1,true,100,true,false,0,-1,<null>,<null>,false
<PlayRealm>{75},<PlayerRealm>{2},2,0,1,true,100,true,false,0,-1,<null>,<null>,false
<PlayRealm>{75},<PlayerRealm>{37},3,0,1,true,100,true,false,0,-1,<null>,<null>,false
<PlayRealm>{76},<PlayerRealm>{0},0,12,2,false,50,true,false,0,-1,<null>,<null>,false
<PlayRealm>{76},<PlayerRealm>{2},1,13,1,true,100,true,false,0,-1,<null>,<null>,false
<PlayRealm>{76},<PlayerRealm>{37},2,12,2,false,50,true,false,0,-1,<null>,<null>,false
<PlayRealm>{77},<PlayerRealm>{0},0,0,1,true,100,true,false,0,-1,<null>,<null>,false
<PlayRealm>{77},<PlayerRealm>{3},1,0,1,true,100,true,false,0,-1,<null>,<null>,false
<PlayRealm>{77},<PlayerRealm>{5},2,0,1,true,100,true,false,0,-1,<null>,<null>,false
<PlayRealm>{78},<PlayerRealm>{0},0,0,1,true,100,true,false,0,-1,<null>,<null>,false
<PlayRealm>{78},<PlayerRealm>{3},1,0,1,true,100,true,false,0,-1,<null>,<null>,false
<PlayRealm>{78},<PlayerRealm>{5},2,0,1,true,100,true,false,0,-1,<null>,<null>,false
<PlayRealm>{79},<PlayerRealm>{0},0,0,1,true,100,true,false,0,-1,<null>,<null>,false
<PlayRealm>{79},<PlayerRealm>{1},1,0,1,true,100,true,false,0,-1,<null>,<null>,false
<PlayRealm>{79},<PlayerRealm>{2},2,0,1,true,100,true,false,0,-1,<null>,<null>,false
<PlayRealm>{79},<PlayerRealm>{37},3,0,1,true,100,true,false,0,-1,<null>,<null>,false
<PlayRealm>{80},<PlayerRealm>{0},0,10,2,false,66,true,false,0,-1,<null>,<null>,false
<PlayRealm>{80},<PlayerRealm>{1},1,7,3,false,33,true,false,0,-1,<null>,<null>,false
<PlayRealm>{80},<PlayerRealm>{2},2,4,4,false,0,true,false,0,-1,<null>,<null>,false
<PlayRealm>{80},<PlayerRealm>{37},3,11,1,true,100,true,false,0,-1,<null>,<null>,false
<PlayRealm>{81},<PlayerRealm>{0},0,0,1,true,100,true,false,0,-1,<null>,<null>,false
<PlayRealm>{81},<PlayerRealm>{1},1,0,1,true,100,true,false,0,-1,<null>,<null>,false
<PlayRealm>{81},<PlayerRealm>{2},2,0,1,true,100,true,false,0,-1,<null>,<null>,false
<PlayRealm>{81},<PlayerRealm>{37},3,0,1,true,100,true,false,0,-1,<null>,<null>,false
<PlayRealm>{82},<PlayerRealm>{0},0,1,1,true,100,true,false,0,-1,<null>,<null>,false
<PlayRealm>{82},<PlayerRealm>{1},1,0,2,false,66,true,false,0,-1,<null>,<null>,false
<PlayRealm>{82},<PlayerRealm>{2},2,0,2,false,66,true,false,0,-1,<null>,<null>,false
<PlayRealm>{82},<PlayerRealm>{37},3,0,2,false,66,true,false,0,-1,<null>,<null>,false
<PlayRealm>{83},<PlayerRealm>{0},0,0,2,false,33,true,false,0,-1,<null>,<null>,false
<PlayRealm>{83},<PlayerRealm>{1},1,1,1,true,100,true,false,0,-1,<null>,<null>,false
<PlayRealm>{83},<PlayerRealm>{2},2,0,2,false,33,true,false,0,-1,<null>,<null>,false
<PlayRealm>{83},<PlayerRealm>{37},3,1,1,true,100,true,false,0,-1,<null>,<null>,false
<PlayRealm>{84},<PlayerRealm>{0},0,0,2,false,0,true,false,0,-1,<null>,<null>,false
<PlayRealm>{84},<PlayerRealm>{1},1,0,1,true,100,true,false,0,-1,<null>,<null>,false
<PlayRealm>{84},<PlayerRealm>{2},2,0,2,false,0,true,false,0,-1,<null>,<null>,false
<PlayRealm>{84},<PlayerRealm>{37},3,0,2,false,0,true,false,0,-1,<null>,<null>,false
<PlayRealm>{85},<PlayerRealm>{0},0,0,2,false,0,true,false,0,-1,<null>,<null>,false
<PlayRealm>{85},<PlayerRealm>{1},1,0,2,false,0,true,false,0,-1,<null>,<null>,false
<PlayRealm>{85},<PlayerRealm>{2},2,0,2,false,0,true,false,0,-1,<null>,<null>,false
<PlayRealm>{85},<PlayerRealm>{37},3,0,2,false,0,true,false,0,-1,<null>,<null>,false
<PlayRealm>{86},<PlayerRealm>{0},0,94,3,false,0,true,false,0,-1,<null>,<null>,false
<PlayRealm>{86},<PlayerRealm>{4},1,110,1,true,100,true,false,0,-1,<null>,<null>,false
<PlayRealm>{86},<PlayerRealm>{5},2,99,2,false,50,true,false,0,-1,<null>,<null>,false
<PlayRealm>{87},<PlayerRealm>{0},0,0,2,false,0,true,false,0,-1,<null>,<null>,false
<PlayRealm>{87},<PlayerRealm>{1},1,0,2,false,0,true,false,0,-1,<null>,<null>,false
<PlayRealm>{87},<PlayerRealm>{2},2,0,2,false,0,true,false,0,-1,<null>,<null>,false
<PlayRealm>{87},<PlayerRealm>{3},3,0,2,false,0,true,false,0,-1,<null>,<null>,false
<PlayRealm>{88},<PlayerRealm>{0},0,19,2,false,0,true,false,0,-1,<null>,<null>,false
<PlayRealm>{88},<PlayerRealm>{38},1,21,1,true,100,true,false,0,-1,<null>,<null>,false
<PlayRealm>{89},<PlayerRealm>{0},0,0,2,false,0,true,false,0,-1,<null>,<null>,false
<PlayRealm>{89},<PlayerRealm>{38},1,0,2,false,0,true,false,0,-1,<null>,<null>,false
<PlayRealm>{90},<PlayerRealm>{0},0,0,1,true,100,true,false,0,-1,<null>,<null>,false
<PlayRealm>{90},<PlayerRealm>{38},1,0,1,true,100,true,false,0,-1,<null>,<null>,false
<PlayRealm>{91},<PlayerRealm>{0},0,0,2,false,0,true,false,0,-1,<null>,<null>,false
<PlayRealm>{91},<PlayerRealm>{38},1,0,2,false,0,true,false,0,-1,<null>,<null>,false
<PlayRealm>{92},<PlayerRealm>{0},0,0,1,true,100,true,false,0,-1,<null>,<null>,false
<PlayRealm>{92},<PlayerRealm>{38},1,0,1,true,100,true,false,0,-1,<null>,<null>,false
<PlayRealm>{93},<PlayerRealm>{0},0,0,2,false,0,true,false,0,-1,<null>,<null>,false
<PlayRealm>{93},<PlayerRealm>{1},1,0,2,false,0,true,false,0,-1,<null>,<null>,false
<PlayRealm>{93},<PlayerRealm>{2},2,0,2,false,0,true,false,0,-1,<null>,<null>,false
<PlayRealm>{93},<PlayerRealm>{37},3,0,2,false,0,true,false,0,-1,<null>,<null>,false
<PlayRealm>{94},<PlayerRealm>{0},0,0,1,true,100,true,false,0,-1,<null>,<null>,false
<PlayRealm>{94},<PlayerRealm>{1},1,0,1,true,100,true,false,0,-1,<null>,<null>,false
<PlayRealm>{94},<PlayerRealm>{2},2,0,1,true,100,true,false,0,-1,<null>,<null>,false
<PlayRealm>{94},<PlayerRealm>{37},3,0,1,true,100,true,false,0,-1,<null>,<null>,false
<PlayRealm>{95},<PlayerRealm>{0},0,0,1,true,100,true,false,0,-1,<null>,<null>,false
<PlayRealm>{95},<PlayerRealm>{37},1,0,2,false,0,true,false,0,-1,<null>,<null>,false
<PlayRealm>{96},<PlayerRealm>{0},0,0,1,true,100,true,false,0,-1,<null>,<null>,false
<PlayRealm>{96},<PlayerRealm>{37},1,0,2,false,0,true,false,0,-1,<null>,<null>,false
<PlayRealm>{97},<PlayerRealm>{0},0,0,1,true,100,true,false,0,-1,<null>,<null>,false
<PlayRealm>{97},<PlayerRealm>{37},1,0,2,false,0,true,false,0,-1,<null>,<null>,false
<PlayRealm>{98},<PlayerRealm>{0},0,0,2,false,0,true,false,0,-1,<null>,<null>,false
<PlayRealm>{98},<PlayerRealm>{37},1,0,1,true,100,true,false,0,-1,<null>,<null>,false
<PlayRealm>{99},<PlayerRealm>{0},0,235,3,false,0,true,false,0,-1,<null>,<null>,false
<PlayRealm>{99},<PlayerRealm>{2},1,367,1,true,100,true,false,0,-1,<null>,<null>,false
<PlayRealm>{99},<PlayerRealm>{37},2,238,2,false,50,true,false,0,-1,<null>,<null>,false
<PlayRealm>{100},<PlayerRealm>{0},0,10,2,false,0,true,false,0,-1,<null>,<null>,false
<PlayRealm>{100},<PlayerRealm>{37},1,22,1,true,100,true,false,0,-1,<null>,<null>,false
<PlayRealm>{101},<PlayerRealm>{0},0,76,2,false,75,true,false,0,-1,<null>,<null>,false
<PlayRealm>{101},<PlayerRealm>{2},1,64,3,false,50,true,false,0,-1,<null>,<null>,false
<PlayRealm>{101},<PlayerRealm>{37},2,80,1,true,100,true,false,0,-1,<null>,<null>,false
<PlayRealm>{101},<PlayerRealm>{39},3,43,5,false,0,true,false,0,-1,<null>,<null>,false
<PlayRealm>{101},<PlayerRealm>{40},4,52,4,false,25,true,false,0,-1,<null>,<null>,false
<PlayRealm>{102},<PlayerRealm>{0},0,0,1,true,100,true,false,0,-1,<null>,<null>,false
<PlayRealm>{102},<PlayerRealm>{1},1,0,1,true,100,true,false,0,-1,<null>,<null>,false
<PlayRealm>{102},<PlayerRealm>{2},2,0,1,true,100,true,false,0,-1,<null>,<null>,false
<PlayRealm>{102},<PlayerRealm>{37},3,0,1,true,100,true,false,0,-1,<null>,<null>,false
<PlayRealm>{103},<PlayerRealm>{0},0,0,1,true,100,true,false,0,-1,<null>,<null>,false
<PlayRealm>{103},<PlayerRealm>{1},1,0,1,true,100,true,false,0,-1,<null>,<null>,false
<PlayRealm>{103},<PlayerRealm>{2},2,0,1,true,100,true,false,0,-1,<null>,<null>,false
<PlayRealm>{103},<PlayerRealm>{37},3,0,1,true,100,true,false,0,-1,<null>,<null>,false
<PlayRealm>{104},<PlayerRealm>{0},0,0,2,false,0,true,false,0,-1,<null>,<null>,false
<PlayRealm>{104},<PlayerRealm>{1},1,0,2,false,0,true,false,0,-1,<null>,<null>,false
<PlayRealm>{104},<PlayerRealm>{2},2,0,2,false,0,true,false,0,-1,<null>,<null>,false
<PlayRealm>{104},<PlayerRealm>{37},3,0,2,false,0,true,false,0,-1,<null>,<null>,false
<PlayRealm>{105},<PlayerRealm>{0},0,0,2,false,0,true,false,0,-1,<null>,<null>,false
<PlayRealm>{105},<PlayerRealm>{1},1,0,2,false,0,true,false,0,-1,<null>,<null>,false
<PlayRealm>{105},<PlayerRealm>{2},2,0,2,false,0,true,false,0,-1,<null>,<null>,false
<PlayRealm>{105},<PlayerRealm>{37},3,0,2,false,0,true,false,0,-1,<null>,<null>,false
<PlayRealm>{106},<PlayerRealm>{0},0,0,1,true,100,true,false,0,-1,<null>,<null>,false
<PlayRealm>{106},<PlayerRealm>{1},1,0,1,true,100,true,false,0,-1,<null>,<null>,false
<PlayRealm>{106},<PlayerRealm>{2},2,0,1,true,100,true,false,0,-1,<null>,<null>,false
<PlayRealm>{106},<PlayerRealm>{37},3,0,1,true,100,true,false,0,-1,<null>,<null>,false
<PlayRealm>{107},<PlayerRealm>{0},0,0,2,false,0,true,false,0,-1,<null>,<null>,false
<PlayRealm>{107},<PlayerRealm>{1},1,0,2,false,0,true,false,0,-1,<null>,<null>,false
<PlayRealm>{107},<PlayerRealm>{2},2,0,2,false,0,true,false,0,-1,<null>,<null>,false
<PlayRealm>{107},<PlayerRealm>{37},3,0,2,false,0,true,false,0,-1,<null>,<null>,false
<PlayRealm>{108},<PlayerRealm>{0},0,0,1,true,100,true,false,0,-1,<null>,<null>,false
<PlayRealm>{108},<PlayerRealm>{1},1,0,1,true,100,true,false,0,-1,<null>,<null>,false
<PlayRealm>{108},<PlayerRealm>{2},2,0,1,true,100,true,false,0,-1,<null>,<null>,false
<PlayRealm>{108},<PlayerRealm>{37},3,0,1,true,100,true,false,0,-1,<null>,<null>,false
<PlayRealm>{109},<PlayerRealm>{0},0,11,4,false,0,true,false,0,-1,<null>,<null>,false
<PlayRealm>{109},<PlayerRealm>{2},1,30,1,true,100,true,false,0,-1,<null>,<null>,false
<PlayRealm>{109},<PlayerRealm>{15},2,14,3,false,33,true,false,0,-1,<null>,<null>,false
<PlayRealm>{109},<PlayerRealm>{37},3,17,2,false,66,true,false,0,-1,<null>,<null>,false
<PlayRealm>{110},<PlayerRealm>{0},0,5,3,false,33,true,false,0,-1,<null>,<null>,false
<PlayRealm>{110},<PlayerRealm>{2},1,7,2,false,66,true,false,0,-1,<null>,<null>,false
<PlayRealm>{110},<PlayerRealm>{15},2,10,1,true,100,true,false,0,-1,<null>,<null>,false
<PlayRealm>{110},<PlayerRealm>{37},3,5,3,false,33,true,false,0,-1,<null>,<null>,false
<PlayRealm>{111},<PlayerRealm>{0},0,154,1,true,100,true,false,0,-1,<null>,<null>,false
<PlayRealm>{111},<PlayerRealm>{2},1,126,2,false,66,true,false,0,-1,<null>,<null>,false
<PlayRealm>{111},<PlayerRealm>{15},2,111,4,false,0,true,false,0,-1,<null>,<null>,false
<PlayRealm>{111},<PlayerRealm>{37},3,118,3,false,33,true,false,0,-1,<null>,<null>,false
<PlayRealm>{112},<PlayerRealm>{0},0,14,2,false,0,true,false,0,-1,<null>,<null>,false
<PlayRealm>{112},<PlayerRealm>{26},1,15,1,true,100,true,false,0,-1,<null>,<null>,false
<PlayRealm>{113},<PlayerRealm>{0},0,73,2,false,50,true,false,0,-1,<null>,<null>,false
<PlayRealm>{113},<PlayerRealm>{26},1,75,1,true,100,true,false,0,-1,<null>,<null>,false
<PlayRealm>{113},<PlayerRealm>{27},2,68,3,false,0,true,false,0,-1,<null>,<null>,false
<PlayRealm>{114},<PlayerRealm>{0},0,0,1,true,100,true,false,0,-1,<null>,<null>,false
<PlayRealm>{114},<PlayerRealm>{3},1,0,1,true,100,true,false,0,-1,<null>,<null>,false
<PlayRealm>{114},<PlayerRealm>{17},2,0,1,true,100,true,false,0,-1,<null>,<null>,false
<PlayRealm>{114},<PlayerRealm>{41},3,0,2,false,0,true,false,0,-1,<null>,<null>,false
<PlayRealm>{114},<PlayerRealm>{42},4,0,2,false,0,true,false,0,-1,<null>,<null>,false
<PlayRealm>{114},<PlayerRealm>{43},5,0,2,false,0,true,false,0,-1,<null>,<null>,false
<PlayRealm>{115},<PlayerRealm>{0},0,0,1,true,100,true,false,0,-1,<null>,<null>,false
<PlayRealm>{115},<PlayerRealm>{3},1,0,1,true,100,true,false,0,-1,<null>,<null>,false
<PlayRealm>{115},<PlayerRealm>{17},2,0,1,true,100,true,false,0,-1,<null>,<null>,false
<PlayRealm>{115},<PlayerRealm>{41},3,0,2,false,0,true,false,0,-1,<null>,<null>,false
<PlayRealm>{115},<PlayerRealm>{42},4,0,2,false,0,true,false,0,-1,<null>,<null>,false
<PlayRealm>{115},<PlayerRealm>{43},5,0,2,false,0,true,false,0,-1,<null>,<null>,false
<PlayRealm>{116},<PlayerRealm>{0},0,0,2,false,0,true,false,0,-1,<null>,<null>,false
<PlayRealm>{116},<PlayerRealm>{3},1,0,2,false,0,true,false,0,-1,<null>,<null>,false
<PlayRealm>{116},<PlayerRealm>{17},2,0,2,false,0,true,false,0,-1,<null>,<null>,false
<PlayRealm>{116},<PlayerRealm>{41},3,0,1,true,100,true,false,0,-1,<null>,<null>,false
<PlayRealm>{116},<PlayerRealm>{42},4,0,1,true,100,true,false,0,-1,<null>,<null>,false
<PlayRealm>{116},<PlayerRealm>{43},5,0,1,true,100,true,false,0,-1,<null>,<null>,false
<PlayRealm>{117},<PlayerRealm>{0},0,0,1,true,100,true,false,0,-1,<null>,<null>,false
<PlayRealm>{117},<PlayerRealm>{3},1,0,2,false,0,true,false,0,-1,<null>,<null>,false
<PlayRealm>{117},<PlayerRealm>{17},2,0,2,false,0,true,false,0,-1,<null>,<null>,false
<PlayRealm>{117},<PlayerRealm>{41},3,0,1,true,100,true,false,0,-1,<null>,<null>,false
<PlayRealm>{117},<PlayerRealm>{42},4,0,1,true,100,true,false,0,-1,<null>,<null>,false
<PlayRealm>{117},<PlayerRealm>{43},5,0,2,false,0,true,false,0,-1,<null>,<null>,false
<PlayRealm>{118},<PlayerRealm>{0},0,0,2,false,0,true,false,0,-1,<null>,<null>,false
<PlayRealm>{118},<PlayerRealm>{3},1,0,1,true,100,true,false,0,-1,<null>,<null>,false
<PlayRealm>{118},<PlayerRealm>{17},2,0,1,true,100,true,false,0,-1,<null>,<null>,false
<PlayRealm>{118},<PlayerRealm>{41},3,0,2,false,0,true,false,0,-1,<null>,<null>,false
<PlayRealm>{118},<PlayerRealm>{42},4,0,2,false,0,true,false,0,-1,<null>,<null>,false
<PlayRealm>{118},<PlayerRealm>{43},5,0,1,true,100,true,false,0,-1,<null>,<null>,false
<PlayRealm>{119},<PlayerRealm>{0},0,0,1,true,100,true,false,0,-1,<null>,<null>,false
<PlayRealm>{119},<PlayerRealm>{3},1,0,2,false,0,true,false,0,-1,<null>,<null>,false
<PlayRealm>{119},<PlayerRealm>{17},2,0,2,false,0,true,false,0,-1,<null>,<null>,false
<PlayRealm>{119},<PlayerRealm>{41},3,0,1,true,100,true,false,0,-1,<null>,<null>,false
<PlayRealm>{119},<PlayerRealm>{42},4,0,1,true,100,true,false,0,-1,<null>,<null>,false
<PlayRealm>{119},<PlayerRealm>{43},5,0,2,false,0,true,false,0,-1,<null>,<null>,false
<PlayRealm>{120},<PlayerRealm>{0},0,97,1,true,100,true,false,0,-1,<null>,<null>,false
<PlayRealm>{120},<PlayerRealm>{1},1,66,2,false,66,true,false,0,-1,<null>,<null>,false
<PlayRealm>{120},<PlayerRealm>{2},2,62,4,false,0,true,false,0,-1,<null>,<null>,false
<PlayRealm>{120},<PlayerRealm>{37},3,64,3,false,33,true,false,0,-1,<null>,<null>,false
<PlayRealm>{121},<PlayerRealm>{0},0,0,2,false,0,true,false,0,-1,<null>,<null>,false
<PlayRealm>{121},<PlayerRealm>{1},1,0,1,true,100,true,false,0,-1,<null>,<null>,false
<PlayRealm>{121},<PlayerRealm>{37},2,0,2,false,0,true,false,0,-1,<null>,<null>,false
<PlayRealm>{122},<PlayerRealm>{0},0,0,2,false,0,true,false,0,-1,<null>,<null>,false
<PlayRealm>{122},<PlayerRealm>{1},1,0,1,true,100,true,false,0,-1,<null>,<null>,false
<PlayRealm>{122},<PlayerRealm>{37},2,0,2,false,0,true,false,0,-1,<null>,<null>,false
<PlayRealm>{123},<PlayerRealm>{0},0,60,1,true,100,true,false,0,-1,<null>,<null>,false
<PlayRealm>{123},<PlayerRealm>{1},1,0,2,false,50,true,false,0,-1,<null>,<null>,false
<PlayRealm>{123},<PlayerRealm>{37},2,0,2,false,50,true,false,0,-1,<null>,<null>,false
<PlayRealm>{124},<PlayerRealm>{0},0,0,1,true,100,true,false,0,-1,<null>,<null>,false
<PlayRealm>{124},<PlayerRealm>{1},1,0,1,true,100,true,false,0,-1,<null>,<null>,false
<PlayRealm>{124},<PlayerRealm>{2},2,0,1,true,100,true,false,0,-1,<null>,<null>,false
<PlayRealm>{124},<PlayerRealm>{37},3,0,1,true,100,true,false,0,-1,<null>,<null>,false
<PlayRealm>{125},<PlayerRealm>{0},0,0,2,false,0,true,false,0,-1,<null>,<null>,false
<PlayRealm>{125},<PlayerRealm>{1},1,0,2,false,0,true,false,0,-1,<null>,<null>,false
<PlayRealm>{125},<PlayerRealm>{2},2,0,2,false,0,true,false,0,-1,<null>,<null>,false
<PlayRealm>{125},<PlayerRealm>{37},3,0,2,false,0,true,false,0,-1,<null>,<null>,false
<PlayRealm>{126},<PlayerRealm>{0},0,0,2,false,0,true,false,0,-1,<null>,<null>,false
<PlayRealm>{126},<PlayerRealm>{1},1,0,2,false,0,true,false,0,-1,<null>,<null>,false
<PlayRealm>{126},<PlayerRealm>{2},2,0,2,false,0,true,false,0,-1,<null>,<null>,false
<PlayRealm>{126},<PlayerRealm>{37},3,0,2,false,0,true,false,0,-1,<null>,<null>,false
<PlayRealm>{127},<PlayerRealm>{0},0,0,2,false,0,true,false,0,-1,<null>,<null>,false
<PlayRealm>{127},<PlayerRealm>{1},1,0,2,false,0,true,false,0,-1,<null>,<null>,false
<PlayRealm>{127},<PlayerRealm>{2},2,0,2,false,0,true,false,0,-1,<null>,<null>,false
<PlayRealm>{127},<PlayerRealm>{37},3,0,2,false,0,true,false,0,-1,<null>,<null>,false
<PlayRealm>{128},<PlayerRealm>{0},0,0,2,false,0,true,false,0,-1,<null>,<null>,false
<PlayRealm>{128},<PlayerRealm>{1},1,0,2,false,0,true,false,0,-1,<null>,<null>,false
<PlayRealm>{128},<PlayerRealm>{2},2,0,2,false,0,true,false,0,-1,<null>,<null>,false
<PlayRealm>{128},<PlayerRealm>{37},3,0,2,false,0,true,false,0,-1,<null>,<null>,false
<PlayRealm>{129},<PlayerRealm>{0},0,0,2,false,0,true,false,0,-1,<null>,<null>,false
<PlayRealm>{129},<PlayerRealm>{1},1,0,2,false,0,true,false,0,-1,<null>,<null>,false
<PlayRealm>{129},<PlayerRealm>{2},2,0,2,false,0,true,false,0,-1,<null>,<null>,false
<PlayRealm>{129},<PlayerRealm>{37},3,0,2,false,0,true,false,0,-1,<null>,<null>,false
<PlayRealm>{130},<PlayerRealm>{0},0,0,1,true,100,true,false,0,-1,<null>,<null>,false
<PlayRealm>{130},<PlayerRealm>{1},1,0,1,true,100,true,false,0,-1,<null>,<null>,false
<PlayRealm>{130},<PlayerRealm>{2},2,0,1,true,100,true,false,0,-1,<null>,<null>,false
<PlayRealm>{130},<PlayerRealm>{37},3,0,1,true,100,true,false,0,-1,<null>,<null>,false
<PlayRealm>{131},<PlayerRealm>{0},0,85,1,true,100,true,false,0,-1,<null>,<null>,false
<PlayRealm>{131},<PlayerRealm>{26},1,56,2,false,50,true,false,0,-1,<null>,<null>,false
<PlayRealm>{131},<PlayerRealm>{33},2,54,3,false,0,true,false,0,-1,<null>,<null>,false
<PlayRealm>{132},<PlayerRealm>{0},0,0,1,true,100,true,false,0,-1,<null>,<null>,false
<PlayRealm>{132},<PlayerRealm>{1},1,0,1,true,100,true,false,0,-1,<null>,<null>,false
<PlayRealm>{132},<PlayerRealm>{2},2,0,1,true,100,true,false,0,-1,<null>,<null>,false
<PlayRealm>{132},<PlayerRealm>{44},3,0,1,true,100,true,false,0,-1,<null>,<null>,false
<PlayRealm>{133},<PlayerRealm>{0},0,105,1,true,100,true,false,0,-1,<null>,<null>,false
<PlayRealm>{133},<PlayerRealm>{1},1,67,2,false,50,true,false,0,-1,<null>,<null>,false
<PlayRealm>{133},<PlayerRealm>{2},2,62,3,false,0,true,false,0,-1,<null>,<null>,false
<PlayRealm>{134},<PlayerRealm>{0},0,4,1,true,100,true,false,0,-1,<null>,<null>,false
<PlayRealm>{134},<PlayerRealm>{27},2,2,3,false,33,true,false,0,-1,<null>,<null>,false
<PlayRealm>{134},<PlayerRealm>{26},1,3,2,false,66,true,false,0,-1,<null>,<null>,false
<PlayRealm>{134},<PlayerRealm>{33},3,1,4,false,0,true,false,0,-1,<null>,<null>,false
<PlayRealm>{135},<PlayerRealm>{0},0,58,1,true,100,true,false,0,-1,<null>,<null>,false
<PlayRealm>{135},<PlayerRealm>{26},1,47,3,false,33,true,false,0,-1,<null>,<null>,false
<PlayRealm>{135},<PlayerRealm>{27},2,45,4,false,0,true,false,0,-1,<null>,<null>,false
<PlayRealm>{135},<PlayerRealm>{33},3,49,2,false,66,true,false,0,-1,<null>,<null>,false
<PlayRealm>{136},<PlayerRealm>{0},0,48,2,false,66,true,false,0,-1,<null>,<null>,false
<PlayRealm>{136},<PlayerRealm>{26},1,39,4,false,0,true,false,0,-1,<null>,<null>,false
<PlayRealm>{136},<PlayerRealm>{27},2,43,3,false,33,true,false,0,-1,<null>,<null>,false
<PlayRealm>{136},<PlayerRealm>{33},3,52,1,true,100,true,false,0,-1,<null>,<null>,false
<PlayRealm>{137},<PlayerRealm>{0},0,57,1,true,100,true,false,0,-1,<null>,<null>,false
<PlayRealm>{137},<PlayerRealm>{26},1,34,2,false,0,true,false,0,-1,<null>,<null>,false
<PlayRealm>{138},<PlayerRealm>{0},0,36,1,true,100,true,false,0,-1,<null>,<null>,false
<PlayRealm>{138},<PlayerRealm>{26},1,31,2,false,0,true,false,0,-1,<null>,<null>,false
<PlayRealm>{139},<PlayerRealm>{0},0,34,3,false,0,true,false,0,-1,<null>,<null>,false
<PlayRealm>{139},<PlayerRealm>{1},1,46,2,false,50,true,false,0,-1,<null>,<null>,false
<PlayRealm>{139},<PlayerRealm>{2},2,52,1,true,100,true,false,0,-1,<null>,<null>,false
<PlayRealm>{140},<PlayerRealm>{0},0,0,2,false,0,true,false,0,-1,<null>,<null>,false
<PlayRealm>{140},<PlayerRealm>{1},1,0,2,false,0,true,false,0,-1,<null>,<null>,false
<PlayRealm>{140},<PlayerRealm>{2},2,0,2,false,0,true,false,0,-1,<null>,<null>,false
<PlayRealm>{141},<PlayerRealm>{0},0,0,1,true,100,true,false,0,-1,<null>,<null>,false
<PlayRealm>{141},<PlayerRealm>{1},1,0,1,true,100,true,false,0,-1,<null>,<null>,false
<PlayRealm>{141},<PlayerRealm>{2},2,0,1,true,100,true,false,0,-1,<null>,<null>,false
<PlayRealm>{142},<PlayerRealm>{0},0,139,1,true,100,true,false,0,-1,<null>,<null>,false
<PlayRealm>{142},<PlayerRealm>{2},1,121,2,false,0,true,false,0,-1,<null>,<null>,false
<PlayRealm>{143},<PlayerRealm>{0},0,218,2,false,50,true,false,0,-1,<null>,<null>,false
<PlayRealm>{143},<PlayerRealm>{26},1,229,1,true,100,true,false,0,-1,<null>,<null>,false
<PlayRealm>{143},<PlayerRealm>{33},2,117,3,false,0,true,false,0,-1,<null>,<null>,false
<PlayRealm>{144},<PlayerRealm>{0},0,176,2,false,50,true,false,0,-1,<null>,<null>,false
<PlayRealm>{144},<PlayerRealm>{26},1,143,3,false,0,true,false,0,-1,<null>,<null>,false
<PlayRealm>{144},<PlayerRealm>{33},2,204,1,true,100,true,false,0,-1,<null>,<null>,false
<PlayRealm>{145},<PlayerRealm>{0},0,91,1,true,100,true,false,0,-1,<null>,<null>,false
<PlayRealm>{145},<PlayerRealm>{26},1,78,2,false,50,true,false,0,-1,<null>,<null>,false
<PlayRealm>{145},<PlayerRealm>{33},2,46,3,false,0,true,false,0,-1,<null>,<null>,false
<PlayRealm>{146},<PlayerRealm>{0},0,48,2,false,50,true,false,0,-1,<null>,<null>,false
<PlayRealm>{146},<PlayerRealm>{1},1,50,1,true,100,true,false,0,-1,<null>,<null>,false
<PlayRealm>{146},<PlayerRealm>{2},2,36,3,false,0,true,false,0,-1,<null>,<null>,false
<PlayRealm>{147},<PlayerRealm>{0},0,33,3,false,0,true,false,0,-1,<null>,<null>,false
<PlayRealm>{147},<PlayerRealm>{26},1,41,1,true,100,true,false,0,-1,<null>,<null>,false
<PlayRealm>{147},<PlayerRealm>{33},2,40,2,false,50,true,false,0,-1,<null>,<null>,false
<PlayRealm>{148},<PlayerRealm>{0},0,48,1,true,100,true,false,0,-1,<null>,<null>,false
<PlayRealm>{148},<PlayerRealm>{26},1,37,3,false,0,true,false,0,-1,<null>,<null>,false
<PlayRealm>{148},<PlayerRealm>{33},2,38,2,false,50,true,false,0,-1,<null>,<null>,false
<PlayRealm>{149},<PlayerRealm>{0},0,47,2,false,50,true,false,0,-1,<null>,<null>,false
<PlayRealm>{149},<PlayerRealm>{1},1,29,3,false,0,true,false,0,-1,<null>,<null>,false
<PlayRealm>{149},<PlayerRealm>{2},2,55,1,true,100,true,false,0,-1,<null>,<null>,false
<PlayRealm>{150},<PlayerRealm>{0},0,0,1,true,100,true,false,0,-1,<null>,<null>,false
<PlayRealm>{150},<PlayerRealm>{1},1,0,1,true,100,true,false,0,-1,<null>,<null>,false
<PlayRealm>{150},<PlayerRealm>{2},2,0,1,true,100,true,false,0,-1,<null>,<null>,false
<PlayRealm>{151},<PlayerRealm>{0},0,0,2,false,0,true,false,0,-1,<null>,<null>,false
<PlayRealm>{151},<PlayerRealm>{1},1,0,2,false,0,true,false,0,-1,<null>,<null>,false
<PlayRealm>{151},<PlayerRealm>{2},2,0,2,false,0,true,false,0,-1,<null>,<null>,false
<PlayRealm>{152},<PlayerRealm>{0},0,0,1,true,100,true,false,0,-1,<null>,<null>,false
<PlayRealm>{152},<PlayerRealm>{1},1,0,1,true,100,true,false,0,-1,<null>,<null>,false
<PlayRealm>{152},<PlayerRealm>{2},2,0,1,true,100,true,false,0,-1,<null>,<null>,false
<PlayRealm>{153},<PlayerRealm>{0},0,116,1,true,100,true,false,0,-1,<null>,<null>,false
<PlayRealm>{153},<PlayerRealm>{1},1,104,3,false,0,true,false,0,-1,<null>,<null>,false
<PlayRealm>{153},<PlayerRealm>{2},2,109,2,false,50,true,false,0,-1,<null>,<null>,false
<PlayRealm>{154},<PlayerRealm>{0},0,41,1,true,100,true,false,0,-1,<null>,<null>,false
<PlayRealm>{154},<PlayerRealm>{26},1,41,2,false,100,true,false,0,-1,<null>,<null>,false
<PlayRealm>{154},<PlayerRealm>{33},2,30,3,false,0,true,false,0,-1,<null>,<null>,false
<PlayRealm>{155},<PlayerRealm>{0},0,56,3,false,0,true,false,0,-1,<null>,<null>,false
<PlayRealm>{155},<PlayerRealm>{26},1,80,1,true,100,true,false,0,-1,<null>,<null>,false
<PlayRealm>{155},<PlayerRealm>{33},2,60,2,false,50,true,false,0,-1,<null>,<null>,false
<PlayRealm>{156},<PlayerRealm>{0},0,58,3,false,0,true,false,0,-1,<null>,<null>,false
<PlayRealm>{156},<PlayerRealm>{26},1,61,2,false,50,true,false,0,-1,<null>,<null>,false
<PlayRealm>{156},<PlayerRealm>{33},2,67,1,true,100,true,false,0,-1,<null>,<null>,false
<PlayRealm>{157},<PlayerRealm>{0},0,48,1,true,100,true,false,0,-1,<null>,<null>,false
<PlayRealm>{157},<PlayerRealm>{26},1,40,3,false,0,true,false,0,-1,<null>,<null>,false
<PlayRealm>{157},<PlayerRealm>{33},2,42,2,false,50,true,false,0,-1,<null>,<null>,false
<PlayRealm>{158},<PlayerRealm>{0},0,21,2,false,0,true,false,0,-1,<null>,<null>,false
<PlayRealm>{158},<PlayerRealm>{26},1,36,1,true,100,true,false,0,-1,<null>,<null>,false
<PlayRealm>{159},<PlayerRealm>{0},0,51,3,false,0,true,false,0,-1,<null>,<null>,false
<PlayRealm>{159},<PlayerRealm>{1},1,70,2,false,50,true,false,0,-1,<null>,<null>,false
<PlayRealm>{159},<PlayerRealm>{2},2,89,1,true,100,true,false,0,-1,<null>,<null>,false
<PlayRealm>{160},<PlayerRealm>{0},0,101,1,true,100,true,false,0,-1,<null>,<null>,false
<PlayRealm>{160},<PlayerRealm>{1},1,77,3,false,0,true,false,0,-1,<null>,<null>,false
<PlayRealm>{160},<PlayerRealm>{2},2,98,2,false,50,true,false,0,-1,<null>,<null>,false
<PlayRealm>{161},<PlayerRealm>{0},0,89,2,false,66,true,false,0,-1,<null>,<null>,false
<PlayRealm>{161},<PlayerRealm>{26},1,93,1,true,100,true,false,0,-1,<null>,<null>,false
<PlayRealm>{161},<PlayerRealm>{27},2,72,3,false,33,true,false,0,-1,<null>,<null>,false
<PlayRealm>{161},<PlayerRealm>{33},3,67,4,false,0,true,false,0,-1,<null>,<null>,false
<PlayRealm>{162},<PlayerRealm>{0},0,79,1,true,100,true,false,0,-1,<null>,<null>,false
<PlayRealm>{162},<PlayerRealm>{26},1,56,2,false,50,true,false,0,-1,<null>,<null>,false
<PlayRealm>{162},<PlayerRealm>{33},2,48,3,false,0,true,false,0,-1,<null>,<null>,false
<PlayRealm>{163},<PlayerRealm>{0},0,90,1,true,100,true,false,0,-1,<null>,<null>,false
<PlayRealm>{163},<PlayerRealm>{1},1,67,3,false,0,true,false,0,-1,<null>,<null>,false
<PlayRealm>{163},<PlayerRealm>{2},2,69,2,false,50,true,false,0,-1,<null>,<null>,false
<PlayRealm>{164},<PlayerRealm>{0},0,81,1,true,100,true,false,0,-1,<null>,<null>,false
<PlayRealm>{164},<PlayerRealm>{1},1,57,3,false,0,true,false,0,-1,<null>,<null>,false
<PlayRealm>{164},<PlayerRealm>{2},2,78,2,false,50,true,false,0,-1,<null>,<null>,false
<PlayRealm>{165},<PlayerRealm>{0},0,61,2,false,50,true,false,0,-1,<null>,<null>,false
<PlayRealm>{165},<PlayerRealm>{1},1,74,1,true,100,true,false,0,-1,<null>,<null>,false
<PlayRealm>{165},<PlayerRealm>{2},2,50,3,false,0,true,false,0,-1,<null>,<null>,false
<PlayRealm>{166},<PlayerRealm>{0},0,0,2,false,0,true,false,0,-1,<null>,<null>,false
<PlayRealm>{166},<PlayerRealm>{1},1,0,2,false,0,true,false,0,-1,<null>,<null>,false
<PlayRealm>{166},<PlayerRealm>{2},2,0,2,false,0,true,false,0,-1,<null>,<null>,false
<PlayRealm>{167},<PlayerRealm>{0},0,0,2,false,0,true,false,0,-1,<null>,<null>,false
<PlayRealm>{167},<PlayerRealm>{1},1,0,2,false,0,true,false,0,-1,<null>,<null>,false
<PlayRealm>{167},<PlayerRealm>{2},2,0,2,false,0,true,false,0,-1,<null>,<null>,false
<PlayRealm>{168},<PlayerRealm>{0},0,0,1,true,100,true,false,0,-1,<null>,<null>,false
<PlayRealm>{168},<PlayerRealm>{1},1,0,1,true,100,true,false,0,-1,<null>,<null>,false
<PlayRealm>{168},<PlayerRealm>{2},2,0,1,true,100,true,false,0,-1,<null>,<null>,false
<PlayRealm>{169},<PlayerRealm>{0},0,0,1,true,100,true,false,0,-1,<null>,<null>,false
<PlayRealm>{169},<PlayerRealm>{1},1,0,1,true,100,true,false,0,-1,<null>,<null>,false
<PlayRealm>{169},<PlayerRealm>{2},2,0,1,true,100,true,false,0,-1,<null>,<null>,false
<PlayRealm>{170},<PlayerRealm>{0},0,57,1,true,100,true,false,0,-1,<null>,<null>,false
<PlayRealm>{170},<PlayerRealm>{1},1,14,2,false,50,true,false,0,-1,<null>,<null>,false
<PlayRealm>{170},<PlayerRealm>{2},2,0,3,false,0,true,false,0,-1,<null>,<null>,false
<PlayRealm>{171},<PlayerRealm>{0},0,0,1,true,100,true,false,0,-1,<null>,<null>,false
<PlayRealm>{171},<PlayerRealm>{1},1,0,1,true,100,true,false,0,-1,<null>,<null>,false
<PlayRealm>{171},<PlayerRealm>{2},2,0,1,true,100,true,false,0,-1,<null>,<null>,false
<PlayRealm>{172},<PlayerRealm>{0},0,0,2,false,0,true,false,0,-1,<null>,<null>,false
<PlayRealm>{172},<PlayerRealm>{1},1,0,2,false,0,true,false,0,-1,<null>,<null>,false
<PlayRealm>{172},<PlayerRealm>{2},2,0,2,false,0,true,false,0,-1,<null>,<null>,false
<PlayRealm>{173},<PlayerRealm>{0},0,0,1,true,100,true,false,0,-1,<null>,<null>,false
<PlayRealm>{173},<PlayerRealm>{1},1,0,1,true,100,true,false,0,-1,<null>,<null>,false
<PlayRealm>{173},<PlayerRealm>{2},2,0,1,true,100,true,false,0,-1,<null>,<null>,false
<PlayRealm>{174},<PlayerRealm>{0},0,0,1,true,100,true,false,0,-1,<null>,<null>,false
<PlayRealm>{174},<PlayerRealm>{1},1,0,1,true,100,true,false,0,-1,<null>,<null>,false
<PlayRealm>{174},<PlayerRealm>{2},2,0,1,true,100,true,false,0,-1,<null>,<null>,false
<PlayRealm>{175},<PlayerRealm>{0},0,331,2,false,50,true,false,0,-1,<null>,<null>,false
<PlayRealm>{175},<PlayerRealm>{26},1,352,1,true,100,true,false,0,-1,<null>,<null>,false
<PlayRealm>{175},<PlayerRealm>{33},2,295,3,false,0,true,false,0,-1,<null>,<null>,false
<PlayRealm>{176},<PlayerRealm>{0},0,396,2,false,50,true,false,0,-1,<null>,<null>,false
<PlayRealm>{176},<PlayerRealm>{26},1,427,1,true,100,true,false,0,-1,<null>,<null>,false
<PlayRealm>{176},<PlayerRealm>{33},2,342,3,false,0,true,false,0,-1,<null>,<null>,false
<PlayRealm>{177},<PlayerRealm>{0},0,331,2,false,50,true,false,0,-1,<null>,<null>,false
<PlayRealm>{177},<PlayerRealm>{26},1,355,1,true,100,true,false,0,-1,<null>,<null>,false
<PlayRealm>{177},<PlayerRealm>{33},2,260,3,false,0,true,false,0,-1,<null>,<null>,false
<PlayRealm>{178},<PlayerRealm>{0},0,39,1,true,100,true,false,0,-1,<null>,<null>,false
<PlayRealm>{178},<PlayerRealm>{26},1,30,2,false,0,true,false,0,-1,<null>,<null>,false
<PlayRealm>{179},<PlayerRealm>{0},0,30,2,false,50,true,false,0,-1,<null>,<null>,false
<PlayRealm>{179},<PlayerRealm>{26},1,27,3,false,0,true,false,0,-1,<null>,<null>,false
<PlayRealm>{179},<PlayerRealm>{33},2,44,1,true,100,true,false,0,-1,<null>,<null>,false
<PlayRealm>{180},<PlayerRealm>{0},0,31,2,false,50,true,false,0,-1,<null>,<null>,false
<PlayRealm>{180},<PlayerRealm>{26},1,36,1,true,100,true,false,0,-1,<null>,<null>,false
<PlayRealm>{180},<PlayerRealm>{33},2,26,3,false,0,true,false,0,-1,<null>,<null>,false
<PlayRealm>{181},<PlayerRealm>{0},0,42,1,true,100,true,false,0,-1,<null>,<null>,false
<PlayRealm>{181},<PlayerRealm>{26},1,40,2,false,50,true,false,0,-1,<null>,<null>,false
<PlayRealm>{181},<PlayerRealm>{33},2,34,3,false,0,true,false,0,-1,<null>,<null>,false
<PlayRealm>{182},<PlayerRealm>{0},0,32,3,false,0,true,false,0,-1,<null>,<null>,false
<PlayRealm>{182},<PlayerRealm>{26},1,39,2,false,50,true,false,0,-1,<null>,<null>,false
<PlayRealm>{182},<PlayerRealm>{33},2,42,1,true,100,true,false,0,-1,<null>,<null>,false
<PlayRealm>{183},<PlayerRealm>{0},0,60,1,true,100,true,false,0,-1,<null>,<null>,false
<PlayRealm>{183},<PlayerRealm>{26},1,38,4,false,0,true,false,0,-1,<null>,<null>,false
<PlayRealm>{183},<PlayerRealm>{27},2,45,3,false,33,true,false,0,-1,<null>,<null>,false
<PlayRealm>{183},<PlayerRealm>{33},3,53,2,false,66,true,false,0,-1,<null>,<null>,false
<PlayRealm>{184},<PlayerRealm>{0},0,47,2,false,50,true,false,0,-1,<null>,<null>,false
<PlayRealm>{184},<PlayerRealm>{26},1,51,1,true,100,true,false,0,-1,<null>,<null>,false
<PlayRealm>{184},<PlayerRealm>{33},2,44,3,false,0,true,false,0,-1,<null>,<null>,false
<PlayRealm>{185},<PlayerRealm>{0},0,52,3,false,0,true,false,0,-1,<null>,<null>,false
<PlayRealm>{185},<PlayerRealm>{26},1,58,1,true,100,true,false,0,-1,<null>,<null>,false
<PlayRealm>{185},<PlayerRealm>{33},2,54,2,false,50,true,false,0,-1,<null>,<null>,false
<PlayRealm>{186},<PlayerRealm>{0},0,54,2,false,50,true,false,0,-1,<null>,<null>,false
<PlayRealm>{186},<PlayerRealm>{26},1,41,3,false,0,true,false,0,-1,<null>,<null>,false
<PlayRealm>{186},<PlayerRealm>{27},2,66,1,true,100,true,false,0,-1,<null>,<null>,false
<PlayRealm>{187},<PlayerRealm>{0},0,59,1,true,100,true,false,0,-1,<null>,<null>,false
<PlayRealm>{187},<PlayerRealm>{26},1,49,2,false,50,true,false,0,-1,<null>,<null>,false
<PlayRealm>{187},<PlayerRealm>{27},2,45,3,false,0,true,false,0,-1,<null>,<null>,false
<PlayRealm>{188},<PlayerRealm>{0},0,46,1,true,100,true,false,0,-1,<null>,<null>,false
<PlayRealm>{188},<PlayerRealm>{26},1,43,3,false,33,true,false,0,-1,<null>,<null>,false
<PlayRealm>{188},<PlayerRealm>{27},2,34,4,false,0,true,false,0,-1,<null>,<null>,false
<PlayRealm>{188},<PlayerRealm>{33},3,44,2,false,66,true,false,0,-1,<null>,<null>,false
<PlayRealm>{189},<PlayerRealm>{0},0,42,3,false,33,true,false,0,-1,<null>,<null>,false
<PlayRealm>{189},<PlayerRealm>{26},1,34,4,false,0,true,false,0,-1,<null>,<null>,false
<PlayRealm>{189},<PlayerRealm>{27},2,53,1,true,100,true,false,0,-1,<null>,<null>,false
<PlayRealm>{189},<PlayerRealm>{33},3,49,2,false,66,true,false,0,-1,<null>,<null>,false
<PlayRealm>{190},<PlayerRealm>{0},0,47,3,false,33,true,false,0,-1,<null>,<null>,false
<PlayRealm>{190},<PlayerRealm>{26},1,33,4,false,0,true,false,0,-1,<null>,<null>,false
<PlayRealm>{190},<PlayerRealm>{27},2,57,2,false,66,true,false,0,-1,<null>,<null>,false
<PlayRealm>{190},<PlayerRealm>{33},3,58,1,true,100,true,false,0,-1,<null>,<null>,false
<PlayRealm>{191},<PlayerRealm>{0},0,58,1,true,100,true,false,0,-1,<null>,<null>,false
<PlayRealm>{191},<PlayerRealm>{26},1,27,2,false,0,true,false,0,-1,<null>,<null>,false
<PlayRealm>{192},<PlayerRealm>{0},0,37,1,true,100,true,false,0,-1,<null>,<null>,false
<PlayRealm>{192},<PlayerRealm>{26},1,25,2,false,0,true,false,0,-1,<null>,<null>,false
<PlayRealm>{193},<PlayerRealm>{0},0,16,1,true,100,true,false,0,-1,<null>,<null>,false
<PlayRealm>{193},<PlayerRealm>{26},1,6,2,false,0,true,false,0,-1,<null>,<null>,false
<PlayRealm>{194},<PlayerRealm>{0},0,36,1,true,100,true,false,0,-1,<null>,<null>,false
<PlayRealm>{194},<PlayerRealm>{26},1,28,2,false,0,true,false,0,-1,<null>,<null>,false
<PlayRealm>{195},<PlayerRealm>{0},0,40,1,true,100,true,false,0,-1,<null>,<null>,false
<PlayRealm>{195},<PlayerRealm>{26},1,18,2,false,0,true,false,0,-1,<null>,<null>,false
<PlayRealm>{196},<PlayerRealm>{0},0,119,1,true,100,true,false,0,-1,<null>,<null>,false
<PlayRealm>{196},<PlayerRealm>{26},1,99,2,false,0,true,false,0,-1,<null>,<null>,false
<PlayRealm>{197},<PlayerRealm>{0},0,145,1,true,100,true,false,0,-1,<null>,<null>,false
<PlayRealm>{197},<PlayerRealm>{26},1,143,2,false,0,true,false,0,-1,<null>,<null>,false
