scoreTable,gameRound,listScoreCells,type
<ScoreTableRealm>{0},<GameRoundsRealm>{4},<ScoreCellRealm>{0 1 2 3},0
<ScoreTableRealm>{0},<null>,<ScoreCellRealm>{4 5 6 7},3
<ScoreTableRealm>{0},<null>,<ScoreCellRealm>{8 9 10 11},1
<ScoreTableRealm>{0},<null>,<ScoreCellRealm>{12 13 14 15},2
<ScoreTableRealm>{1},<GameRoundsRealm>{5},<ScoreCellRealm>{16 17 18 19},0
<ScoreTableRealm>{1},<null>,<ScoreCellRealm>{20 21 22 23},3
<ScoreTableRealm>{1},<null>,<ScoreCellRealm>{24 25 26 27},1
<ScoreTableRealm>{1},<null>,<ScoreCellRealm>{28 29 30 31},2
<ScoreTableRealm>{2},<GameRoundsRealm>{7},<ScoreCellRealm>{32 36 40 44 48},0
<ScoreTableRealm>{2},<null>,<ScoreCellRealm>{33 37 41 45 49},3
<ScoreTableRealm>{2},<null>,<ScoreCellRealm>{34 38 42 46 50},1
<ScoreTableRealm>{2},<null>,<ScoreCellRealm>{35 39 43 47 51},2
<ScoreTableRealm>{3},<null>,<ScoreCellRealm>{52 53},3
<ScoreTableRealm>{3},<null>,<ScoreCellRealm>{54 55},1
<ScoreTableRealm>{3},<null>,<ScoreCellRealm>{56 57},2
<ScoreTableRealm>{4},<null>,<ScoreCellRealm>{58 59},3
<ScoreTableRealm>{4},<null>,<ScoreCellRealm>{60 61},1
<ScoreTableRealm>{4},<null>,<ScoreCellRealm>{62 63},2
<ScoreTableRealm>{5},<null>,<ScoreCellRealm>{66 65 64},2
<ScoreTableRealm>{5},<null>,<ScoreCellRealm>{69 68 67},1
<ScoreTableRealm>{5},<null>,<ScoreCellRealm>{72 71 70},3
<ScoreTableRealm>{5},<GameRoundsRealm>{8},<ScoreCellRealm>{75 74 73},0
<ScoreTableRealm>{5},<GameRoundsRealm>{9},<ScoreCellRealm>{78 77 76},0
<ScoreTableRealm>{5},<GameRoundsRealm>{10},<ScoreCellRealm>{81 80 79},0
<ScoreTableRealm>{6},<null>,<ScoreCellRealm>{82 83 84},3
<ScoreTableRealm>{6},<null>,<ScoreCellRealm>{85 86 87},1
<ScoreTableRealm>{6},<null>,<ScoreCellRealm>{88 89 90},2
<ScoreTableRealm>{7},<GameRoundsRealm>{11},<ScoreCellRealm>{91 95 99},0
<ScoreTableRealm>{7},<null>,<ScoreCellRealm>{92 96 100},3
<ScoreTableRealm>{7},<null>,<ScoreCellRealm>{93 97 101},1
<ScoreTableRealm>{7},<null>,<ScoreCellRealm>{94 98 102},2
<ScoreTableRealm>{8},<GameRoundsRealm>{14},<ScoreCellRealm>{103 104 105 106},0
<ScoreTableRealm>{8},<null>,<ScoreCellRealm>{107 108 109 110},3
<ScoreTableRealm>{8},<null>,<ScoreCellRealm>{111 112 113 114},1
<ScoreTableRealm>{8},<null>,<ScoreCellRealm>{115 116 117 118},2
<ScoreTableRealm>{9},<GameRoundsRealm>{16},<ScoreCellRealm>{119 120 121},0
<ScoreTableRealm>{9},<null>,<ScoreCellRealm>{122 123 124},3
<ScoreTableRealm>{9},<null>,<ScoreCellRealm>{125 126 127},1
<ScoreTableRealm>{9},<null>,<ScoreCellRealm>{128 129 130},2
<ScoreTableRealm>{10},<null>,<ScoreCellRealm>{131 132},3
<ScoreTableRealm>{10},<null>,<ScoreCellRealm>{133 134},1
<ScoreTableRealm>{10},<null>,<ScoreCellRealm>{135 136},2
<ScoreTableRealm>{11},<GameRoundsRealm>{18},<ScoreCellRealm>{137 138},0
<ScoreTableRealm>{11},<null>,<ScoreCellRealm>{139 140},3
<ScoreTableRealm>{11},<null>,<ScoreCellRealm>{141 142},1
<ScoreTableRealm>{11},<null>,<ScoreCellRealm>{143 144},2
<ScoreTableRealm>{12},<GameRoundsRealm>{19},<ScoreCellRealm>{145 146},0
<ScoreTableRealm>{12},<null>,<ScoreCellRealm>{147 148},3
<ScoreTableRealm>{12},<null>,<ScoreCellRealm>{149 150},1
<ScoreTableRealm>{12},<null>,<ScoreCellRealm>{151 152},2
<ScoreTableRealm>{13},<GameRoundsRealm>{20},<ScoreCellRealm>{153 154},0
<ScoreTableRealm>{13},<null>,<ScoreCellRealm>{155 156},3
<ScoreTableRealm>{13},<null>,<ScoreCellRealm>{157 158},1
<ScoreTableRealm>{13},<null>,<ScoreCellRealm>{159 160},2
<ScoreTableRealm>{14},<GameRoundsRealm>{17},<ScoreCellRealm>{161 162},0
<ScoreTableRealm>{14},<null>,<ScoreCellRealm>{163 164},3
<ScoreTableRealm>{14},<null>,<ScoreCellRealm>{165 166},1
<ScoreTableRealm>{14},<null>,<ScoreCellRealm>{167 168},2
<ScoreTableRealm>{15},<GameRoundsRealm>{23},<ScoreCellRealm>{169 170},0
<ScoreTableRealm>{15},<null>,<ScoreCellRealm>{171 172},3
<ScoreTableRealm>{15},<null>,<ScoreCellRealm>{173 174},1
<ScoreTableRealm>{15},<null>,<ScoreCellRealm>{175 176},2
<ScoreTableRealm>{16},<null>,<ScoreCellRealm>{177 178},3
<ScoreTableRealm>{16},<null>,<ScoreCellRealm>{179 180},1
<ScoreTableRealm>{16},<null>,<ScoreCellRealm>{181 182},2
<ScoreTableRealm>{17},<GameRoundsRealm>{24},<ScoreCellRealm>{183 184 185},0
<ScoreTableRealm>{17},<null>,<ScoreCellRealm>{186 187 188},3
<ScoreTableRealm>{17},<null>,<ScoreCellRealm>{189 190 191},1
<ScoreTableRealm>{17},<null>,<ScoreCellRealm>{192 193 194},2
<ScoreTableRealm>{18},<GameRoundsRealm>{26},<ScoreCellRealm>{195 196 197},0
<ScoreTableRealm>{18},<null>,<ScoreCellRealm>{198 199 200},3
<ScoreTableRealm>{18},<null>,<ScoreCellRealm>{201 202 203},1
<ScoreTableRealm>{18},<null>,<ScoreCellRealm>{204 205 206},2
<ScoreTableRealm>{19},<GameRoundsRealm>{27},<ScoreCellRealm>{207 208 209},0
<ScoreTableRealm>{19},<null>,<ScoreCellRealm>{210 211 212},3
<ScoreTableRealm>{19},<null>,<ScoreCellRealm>{213 214 215},1
<ScoreTableRealm>{19},<null>,<ScoreCellRealm>{216 217 218},2
<ScoreTableRealm>{20},<null>,<ScoreCellRealm>{219 220 221},3
<ScoreTableRealm>{20},<null>,<ScoreCellRealm>{222 223 224},1
<ScoreTableRealm>{20},<null>,<ScoreCellRealm>{225 226 227},2
<ScoreTableRealm>{21},<GameRoundsRealm>{29},<ScoreCellRealm>{228 229 230 231},0
<ScoreTableRealm>{21},<null>,<ScoreCellRealm>{232 233 234 235},3
<ScoreTableRealm>{21},<null>,<ScoreCellRealm>{236 237 238 239},1
<ScoreTableRealm>{21},<null>,<ScoreCellRealm>{240 241 242 243},2
<ScoreTableRealm>{22},<GameRoundsRealm>{30},<ScoreCellRealm>{244 245 246},0
<ScoreTableRealm>{22},<null>,<ScoreCellRealm>{247 248 249},3
<ScoreTableRealm>{22},<null>,<ScoreCellRealm>{250 251 252},1
<ScoreTableRealm>{22},<null>,<ScoreCellRealm>{253 254 255},2
<ScoreTableRealm>{23},<GameRoundsRealm>{32},<ScoreCellRealm>{256 257},0
<ScoreTableRealm>{23},<null>,<ScoreCellRealm>{258 259},3
<ScoreTableRealm>{23},<null>,<ScoreCellRealm>{260 261},1
<ScoreTableRealm>{23},<null>,<ScoreCellRealm>{262 263},2
<ScoreTableRealm>{24},<GameRoundsRealm>{31},<ScoreCellRealm>{264 265},0
<ScoreTableRealm>{24},<null>,<ScoreCellRealm>{266 267},3
<ScoreTableRealm>{24},<null>,<ScoreCellRealm>{268 269},1
<ScoreTableRealm>{24},<null>,<ScoreCellRealm>{270 271},2
<ScoreTableRealm>{25},<GameRoundsRealm>{35},<ScoreCellRealm>{272 273 274},0
<ScoreTableRealm>{25},<null>,<ScoreCellRealm>{275 276 277},3
<ScoreTableRealm>{25},<null>,<ScoreCellRealm>{278 279 280},1
<ScoreTableRealm>{25},<null>,<ScoreCellRealm>{281 282 283},2
<ScoreTableRealm>{26},<GameRoundsRealm>{37},<ScoreCellRealm>{284 285 286},0
<ScoreTableRealm>{26},<null>,<ScoreCellRealm>{287 288 289},3
<ScoreTableRealm>{26},<null>,<ScoreCellRealm>{290 291 292},1
<ScoreTableRealm>{26},<null>,<ScoreCellRealm>{293 294 295},2
<ScoreTableRealm>{27},<GameRoundsRealm>{39},<ScoreCellRealm>{296 297},0
<ScoreTableRealm>{27},<null>,<ScoreCellRealm>{298 299},3
<ScoreTableRealm>{27},<null>,<ScoreCellRealm>{300 301},1
<ScoreTableRealm>{27},<null>,<ScoreCellRealm>{302 303},2
<ScoreTableRealm>{28},<GameRoundsRealm>{38},<ScoreCellRealm>{304 305},0
<ScoreTableRealm>{28},<null>,<ScoreCellRealm>{306 307},3
<ScoreTableRealm>{28},<null>,<ScoreCellRealm>{308 309},1
<ScoreTableRealm>{28},<null>,<ScoreCellRealm>{310 311},2
<ScoreTableRealm>{29},<GameRoundsRealm>{43},<ScoreCellRealm>{312 313 314},0
<ScoreTableRealm>{29},<null>,<ScoreCellRealm>{315 316 317},3
<ScoreTableRealm>{29},<null>,<ScoreCellRealm>{318 319 320},1
<ScoreTableRealm>{29},<null>,<ScoreCellRealm>{321 322 323},2
<ScoreTableRealm>{30},<GameRoundsRealm>{45},<ScoreCellRealm>{324 325 326 327},0
<ScoreTableRealm>{30},<null>,<ScoreCellRealm>{328 329 330 331},3
<ScoreTableRealm>{30},<null>,<ScoreCellRealm>{332 333 334 335},1
<ScoreTableRealm>{30},<null>,<ScoreCellRealm>{336 337 338 339},2
<ScoreTableRealm>{31},<GameRoundsRealm>{47},<ScoreCellRealm>{340 341 342},0
<ScoreTableRealm>{31},<null>,<ScoreCellRealm>{343 344 345},3
<ScoreTableRealm>{31},<null>,<ScoreCellRealm>{346 347 348},1
<ScoreTableRealm>{31},<null>,<ScoreCellRealm>{349 350 351},2
<ScoreTableRealm>{32},<GameRoundsRealm>{49},<ScoreCellRealm>{352 353},0
<ScoreTableRealm>{32},<null>,<ScoreCellRealm>{354 355},3
<ScoreTableRealm>{32},<null>,<ScoreCellRealm>{356 357},1
<ScoreTableRealm>{32},<null>,<ScoreCellRealm>{358 359},2
<ScoreTableRealm>{33},<null>,<ScoreCellRealm>{360 361},3
<ScoreTableRealm>{33},<null>,<ScoreCellRealm>{362 363},1
<ScoreTableRealm>{33},<null>,<ScoreCellRealm>{364 365},2
<ScoreTableRealm>{34},<GameRoundsRealm>{50},<ScoreCellRealm>{366 367 368},0
<ScoreTableRealm>{34},<GameRoundsRealm>{51},<ScoreCellRealm>{369 370 371},0
<ScoreTableRealm>{34},<GameRoundsRealm>{52},<ScoreCellRealm>{372 373 374},0
<ScoreTableRealm>{34},<null>,<ScoreCellRealm>{375 376 377},3
<ScoreTableRealm>{34},<null>,<ScoreCellRealm>{378 379 380},1
<ScoreTableRealm>{34},<null>,<ScoreCellRealm>{381 382 383},2
<ScoreTableRealm>{35},<GameRoundsRealm>{53},<ScoreCellRealm>{384 385 386},0
<ScoreTableRealm>{35},<GameRoundsRealm>{54},<ScoreCellRealm>{387 388 389},0
<ScoreTableRealm>{35},<GameRoundsRealm>{55},<ScoreCellRealm>{390 391 392},0
<ScoreTableRealm>{35},<null>,<ScoreCellRealm>{393 394 395},3
<ScoreTableRealm>{35},<null>,<ScoreCellRealm>{396 397 398},1
<ScoreTableRealm>{35},<null>,<ScoreCellRealm>{399 400 401},2
<ScoreTableRealm>{36},<GameRoundsRealm>{56},<ScoreCellRealm>{402 403 404 405},0
<ScoreTableRealm>{36},<null>,<ScoreCellRealm>{406 407 408 409},3
<ScoreTableRealm>{36},<null>,<ScoreCellRealm>{410 411 412 413},1
<ScoreTableRealm>{36},<null>,<ScoreCellRealm>{414 415 416 417},2
<ScoreTableRealm>{37},<GameRoundsRealm>{58},<ScoreCellRealm>{418 419 420},0
<ScoreTableRealm>{37},<null>,<ScoreCellRealm>{421 422 423},3
<ScoreTableRealm>{37},<null>,<ScoreCellRealm>{424 425 426},1
<ScoreTableRealm>{37},<null>,<ScoreCellRealm>{427 428 429},2
<ScoreTableRealm>{38},<GameRoundsRealm>{60},<ScoreCellRealm>{430 431 432 433 434 435 436 437},0
<ScoreTableRealm>{38},<null>,<ScoreCellRealm>{438 439 440 441 442 443 444 445},3
<ScoreTableRealm>{38},<null>,<ScoreCellRealm>{446 447 448 449 450 451 452 453},1
<ScoreTableRealm>{38},<null>,<ScoreCellRealm>{454 455 456 457 458 459 460 461},2
<ScoreTableRealm>{39},<GameRoundsRealm>{61},<ScoreCellRealm>{462 463 464 465},0
<ScoreTableRealm>{39},<GameRoundsRealm>{62},<ScoreCellRealm>{466 467 468 469},0
<ScoreTableRealm>{39},<GameRoundsRealm>{63},<ScoreCellRealm>{470 471 472 473},0
<ScoreTableRealm>{39},<null>,<ScoreCellRealm>{474 475 476 477},3
<ScoreTableRealm>{39},<null>,<ScoreCellRealm>{478 479 480 481},1
<ScoreTableRealm>{39},<null>,<ScoreCellRealm>{482 483 484 485},2
<ScoreTableRealm>{40},<GameRoundsRealm>{64},<ScoreCellRealm>{486 487 488 489},0
<ScoreTableRealm>{40},<null>,<ScoreCellRealm>{490 491 492 493},3
<ScoreTableRealm>{40},<null>,<ScoreCellRealm>{494 495 496 497},1
<ScoreTableRealm>{40},<null>,<ScoreCellRealm>{498 499 500 501},2
<ScoreTableRealm>{41},<null>,<ScoreCellRealm>{502 503 504 505 506 507},3
<ScoreTableRealm>{41},<null>,<ScoreCellRealm>{508 509 510 511 512 513},1
<ScoreTableRealm>{41},<null>,<ScoreCellRealm>{514 515 516 517 518 519},2
<ScoreTableRealm>{42},<GameRoundsRealm>{65},<ScoreCellRealm>{520 521},0
<ScoreTableRealm>{42},<null>,<ScoreCellRealm>{522 523},3
<ScoreTableRealm>{42},<null>,<ScoreCellRealm>{524 525},1
<ScoreTableRealm>{42},<null>,<ScoreCellRealm>{526 527},2
<ScoreTableRealm>{43},<GameRoundsRealm>{66},<ScoreCellRealm>{528 529 530 531},0
<ScoreTableRealm>{43},<null>,<ScoreCellRealm>{532 533 534 535},3
<ScoreTableRealm>{43},<null>,<ScoreCellRealm>{536 537 538 539},1
<ScoreTableRealm>{43},<null>,<ScoreCellRealm>{540 541 542 543},2
<ScoreTableRealm>{44},<GameRoundsRealm>{67},<ScoreCellRealm>{544 545 546 547},0
<ScoreTableRealm>{44},<null>,<ScoreCellRealm>{548 549 550 551},3
<ScoreTableRealm>{44},<null>,<ScoreCellRealm>{552 553 554 555},1
<ScoreTableRealm>{44},<null>,<ScoreCellRealm>{556 557 558 559},2
<ScoreTableRealm>{45},<GameRoundsRealm>{68},<ScoreCellRealm>{560 561 562},0
<ScoreTableRealm>{45},<null>,<ScoreCellRealm>{563 564 565},3
<ScoreTableRealm>{45},<null>,<ScoreCellRealm>{566 567 568},1
<ScoreTableRealm>{45},<null>,<ScoreCellRealm>{569 570 571},2
<ScoreTableRealm>{46},<GameRoundsRealm>{70},<ScoreCellRealm>{572 573 574 575 576},0
<ScoreTableRealm>{46},<null>,<ScoreCellRealm>{577 578 579 580 581},3
<ScoreTableRealm>{46},<null>,<ScoreCellRealm>{582 583 584 585 586},1
<ScoreTableRealm>{46},<null>,<ScoreCellRealm>{587 588 589 590 591},2
<ScoreTableRealm>{47},<GameRoundsRealm>{71},<ScoreCellRealm>{592 593 594},0
<ScoreTableRealm>{47},<GameRoundsRealm>{72},<ScoreCellRealm>{595 596 597},0
<ScoreTableRealm>{47},<GameRoundsRealm>{73},<ScoreCellRealm>{598 599 600},0
<ScoreTableRealm>{47},<null>,<ScoreCellRealm>{601 602 603},3
<ScoreTableRealm>{47},<null>,<ScoreCellRealm>{604 605 606},1
<ScoreTableRealm>{47},<null>,<ScoreCellRealm>{607 608 609},2
<ScoreTableRealm>{48},<GameRoundsRealm>{74},<ScoreCellRealm>{610 611 612},0
<ScoreTableRealm>{48},<GameRoundsRealm>{75},<ScoreCellRealm>{613 614 615},0
<ScoreTableRealm>{48},<GameRoundsRealm>{76},<ScoreCellRealm>{616 617 618},0
<ScoreTableRealm>{48},<null>,<ScoreCellRealm>{619 620 621},3
<ScoreTableRealm>{48},<null>,<ScoreCellRealm>{622 623 624},1
<ScoreTableRealm>{48},<null>,<ScoreCellRealm>{625 626 627},2
<ScoreTableRealm>{49},<GameRoundsRealm>{77},<ScoreCellRealm>{628 629 630 631},0
<ScoreTableRealm>{49},<null>,<ScoreCellRealm>{632 633 634 635},3
<ScoreTableRealm>{49},<null>,<ScoreCellRealm>{636 637 638 639},1
<ScoreTableRealm>{49},<null>,<ScoreCellRealm>{640 641 642 643},2
<ScoreTableRealm>{50},<GameRoundsRealm>{78},<ScoreCellRealm>{644 645 646},0
<ScoreTableRealm>{50},<null>,<ScoreCellRealm>{647 648 649},3
<ScoreTableRealm>{50},<null>,<ScoreCellRealm>{650 651 652},1
<ScoreTableRealm>{50},<null>,<ScoreCellRealm>{653 654 655},2
<ScoreTableRealm>{51},<GameRoundsRealm>{79},<ScoreCellRealm>{656 657},0
<ScoreTableRealm>{51},<null>,<ScoreCellRealm>{658 659},3
<ScoreTableRealm>{51},<null>,<ScoreCellRealm>{660 661},1
<ScoreTableRealm>{51},<null>,<ScoreCellRealm>{662 663},2
<ScoreTableRealm>{52},<GameRoundsRealm>{80},<ScoreCellRealm>{664 665},0
<ScoreTableRealm>{52},<null>,<ScoreCellRealm>{666 667},3
<ScoreTableRealm>{52},<null>,<ScoreCellRealm>{668 669},1
<ScoreTableRealm>{52},<null>,<ScoreCellRealm>{670 671},2
<ScoreTableRealm>{53},<GameRoundsRealm>{81},<ScoreCellRealm>{672 673},0
<ScoreTableRealm>{53},<null>,<ScoreCellRealm>{674 675},3
<ScoreTableRealm>{53},<null>,<ScoreCellRealm>{676 677},1
<ScoreTableRealm>{53},<null>,<ScoreCellRealm>{678 679},2
<ScoreTableRealm>{54},<GameRoundsRealm>{82},<ScoreCellRealm>{680 681},0
<ScoreTableRealm>{54},<null>,<ScoreCellRealm>{682 683},3
<ScoreTableRealm>{54},<null>,<ScoreCellRealm>{684 685},1
<ScoreTableRealm>{54},<null>,<ScoreCellRealm>{686 687},2
<ScoreTableRealm>{55},<GameRoundsRealm>{85},<ScoreCellRealm>{688 689 690},0
<ScoreTableRealm>{55},<null>,<ScoreCellRealm>{691 692 693},3
<ScoreTableRealm>{55},<null>,<ScoreCellRealm>{694 695 696},1
<ScoreTableRealm>{55},<null>,<ScoreCellRealm>{697 698 699},2
<ScoreTableRealm>{56},<GameRoundsRealm>{87},<ScoreCellRealm>{700 701 702},0
<ScoreTableRealm>{56},<null>,<ScoreCellRealm>{703 704 705},3
<ScoreTableRealm>{56},<null>,<ScoreCellRealm>{706 707 708},1
<ScoreTableRealm>{56},<null>,<ScoreCellRealm>{709 710 711},2
<ScoreTableRealm>{57},<GameRoundsRealm>{89},<ScoreCellRealm>{712 713},0
<ScoreTableRealm>{57},<null>,<ScoreCellRealm>{714 715},3
<ScoreTableRealm>{57},<null>,<ScoreCellRealm>{716 717},1
<ScoreTableRealm>{57},<null>,<ScoreCellRealm>{718 719},2
<ScoreTableRealm>{58},<GameRoundsRealm>{90},<ScoreCellRealm>{720 721},0
<ScoreTableRealm>{58},<null>,<ScoreCellRealm>{722 723},3
<ScoreTableRealm>{58},<null>,<ScoreCellRealm>{724 725},1
<ScoreTableRealm>{58},<null>,<ScoreCellRealm>{726 727},2
<ScoreTableRealm>{59},<GameRoundsRealm>{92},<ScoreCellRealm>{728 729 730 731},0
<ScoreTableRealm>{59},<null>,<ScoreCellRealm>{732 733 734 735},3
<ScoreTableRealm>{59},<null>,<ScoreCellRealm>{736 737 738 739},1
<ScoreTableRealm>{59},<null>,<ScoreCellRealm>{740 741 742 743},2
<ScoreTableRealm>{60},<GameRoundsRealm>{94},<ScoreCellRealm>{744 745 746},0
<ScoreTableRealm>{60},<null>,<ScoreCellRealm>{747 748 749},3
<ScoreTableRealm>{60},<null>,<ScoreCellRealm>{750 751 752},1
<ScoreTableRealm>{60},<null>,<ScoreCellRealm>{753 754 755},2
<ScoreTableRealm>{61},<GameRoundsRealm>{95},<ScoreCellRealm>{756 757 758},0
<ScoreTableRealm>{61},<null>,<ScoreCellRealm>{759 760 761},3
<ScoreTableRealm>{61},<null>,<ScoreCellRealm>{762 763 764},1
<ScoreTableRealm>{61},<null>,<ScoreCellRealm>{765 766 767},2
<ScoreTableRealm>{62},<GameRoundsRealm>{96},<ScoreCellRealm>{768 769 770},0
<ScoreTableRealm>{62},<null>,<ScoreCellRealm>{771 772 773},3
<ScoreTableRealm>{62},<null>,<ScoreCellRealm>{774 775 776},1
<ScoreTableRealm>{62},<null>,<ScoreCellRealm>{777 778 779},2
<ScoreTableRealm>{63},<GameRoundsRealm>{97},<ScoreCellRealm>{780 781 782},0
<ScoreTableRealm>{63},<null>,<ScoreCellRealm>{783 784 785},3
<ScoreTableRealm>{63},<null>,<ScoreCellRealm>{786 787 788},1
<ScoreTableRealm>{63},<null>,<ScoreCellRealm>{789 790 791},2
<ScoreTableRealm>{64},<GameRoundsRealm>{98},<ScoreCellRealm>{792 793 794},0
<ScoreTableRealm>{64},<null>,<ScoreCellRealm>{795 796 797},3
<ScoreTableRealm>{64},<null>,<ScoreCellRealm>{798 799 800},1
<ScoreTableRealm>{64},<null>,<ScoreCellRealm>{801 802 803},2
<ScoreTableRealm>{65},<GameRoundsRealm>{99},<ScoreCellRealm>{804 805 806 807},0
<ScoreTableRealm>{65},<null>,<ScoreCellRealm>{808 809 810 811},3
<ScoreTableRealm>{65},<null>,<ScoreCellRealm>{812 813 814 815},1
<ScoreTableRealm>{65},<null>,<ScoreCellRealm>{816 817 818 819},2
<ScoreTableRealm>{66},<GameRoundsRealm>{100},<ScoreCellRealm>{820 821 822 823},0
<ScoreTableRealm>{66},<null>,<ScoreCellRealm>{824 825 826 827},3
<ScoreTableRealm>{66},<null>,<ScoreCellRealm>{828 829 830 831},1
<ScoreTableRealm>{66},<null>,<ScoreCellRealm>{832 833 834 835},2
<ScoreTableRealm>{67},<GameRoundsRealm>{101},<ScoreCellRealm>{836 837 838 839},0
<ScoreTableRealm>{67},<null>,<ScoreCellRealm>{840 841 842 843},3
<ScoreTableRealm>{67},<null>,<ScoreCellRealm>{844 845 846 847},1
<ScoreTableRealm>{67},<null>,<ScoreCellRealm>{848 849 850 851},2
<ScoreTableRealm>{68},<GameRoundsRealm>{102},<ScoreCellRealm>{852 853 854 855},0
<ScoreTableRealm>{68},<null>,<ScoreCellRealm>{856 857 858 859},3
<ScoreTableRealm>{68},<null>,<ScoreCellRealm>{860 861 862 863},1
<ScoreTableRealm>{68},<null>,<ScoreCellRealm>{864 865 866 867},2
<ScoreTableRealm>{69},<GameRoundsRealm>{103},<ScoreCellRealm>{868 869 870 871},0
<ScoreTableRealm>{69},<null>,<ScoreCellRealm>{872 873 874 875},3
<ScoreTableRealm>{69},<null>,<ScoreCellRealm>{876 877 878 879},1
<ScoreTableRealm>{69},<null>,<ScoreCellRealm>{880 881 882 883},2
<ScoreTableRealm>{70},<GameRoundsRealm>{104},<ScoreCellRealm>{884 885 886 887},0
<ScoreTableRealm>{70},<null>,<ScoreCellRealm>{888 889 890 891},3
<ScoreTableRealm>{70},<null>,<ScoreCellRealm>{892 893 894 895},1
<ScoreTableRealm>{70},<null>,<ScoreCellRealm>{896 897 898 899},2
<ScoreTableRealm>{71},<GameRoundsRealm>{105},<ScoreCellRealm>{900 901 902 903},0
<ScoreTableRealm>{71},<null>,<ScoreCellRealm>{904 905 906 907},3
<ScoreTableRealm>{71},<null>,<ScoreCellRealm>{908 909 910 911},1
<ScoreTableRealm>{71},<null>,<ScoreCellRealm>{912 913 914 915},2
<ScoreTableRealm>{72},<GameRoundsRealm>{106},<ScoreCellRealm>{916 917 918 919},0
<ScoreTableRealm>{72},<null>,<ScoreCellRealm>{920 921 922 923},3
<ScoreTableRealm>{72},<null>,<ScoreCellRealm>{924 925 926 927},1
<ScoreTableRealm>{72},<null>,<ScoreCellRealm>{928 929 930 931},2
<ScoreTableRealm>{73},<GameRoundsRealm>{107},<ScoreCellRealm>{932 933 934 935},0
<ScoreTableRealm>{73},<null>,<ScoreCellRealm>{936 937 938 939},3
<ScoreTableRealm>{73},<null>,<ScoreCellRealm>{940 941 942 943},1
<ScoreTableRealm>{73},<null>,<ScoreCellRealm>{944 945 946 947},2
<ScoreTableRealm>{74},<GameRoundsRealm>{108},<ScoreCellRealm>{948 949 950 951},0
<ScoreTableRealm>{74},<null>,<ScoreCellRealm>{952 953 954 955},3
<ScoreTableRealm>{74},<null>,<ScoreCellRealm>{956 957 958 959},1
<ScoreTableRealm>{74},<null>,<ScoreCellRealm>{960 961 962 963},2
<ScoreTableRealm>{75},<GameRoundsRealm>{109},<ScoreCellRealm>{964 965 966 967},0
<ScoreTableRealm>{75},<null>,<ScoreCellRealm>{968 969 970 971},3
<ScoreTableRealm>{75},<null>,<ScoreCellRealm>{972 973 974 975},1
<ScoreTableRealm>{75},<null>,<ScoreCellRealm>{976 977 978 979},2
<ScoreTableRealm>{76},<GameRoundsRealm>{111},<ScoreCellRealm>{980 981 982},0
<ScoreTableRealm>{76},<null>,<ScoreCellRealm>{983 984 985},3
<ScoreTableRealm>{76},<null>,<ScoreCellRealm>{986 987 988},1
<ScoreTableRealm>{76},<null>,<ScoreCellRealm>{989 990 991},2
<ScoreTableRealm>{77},<GameRoundsRealm>{112},<ScoreCellRealm>{992 993 994},0
<ScoreTableRealm>{77},<GameRoundsRealm>{113},<ScoreCellRealm>{995 996 997},0
<ScoreTableRealm>{77},<GameRoundsRealm>{114},<ScoreCellRealm>{998 999 1000},0
<ScoreTableRealm>{77},<null>,<ScoreCellRealm>{1001 1002 1003},3
<ScoreTableRealm>{77},<null>,<ScoreCellRealm>{1004 1005 1006},1
<ScoreTableRealm>{77},<null>,<ScoreCellRealm>{1007 1008 1009},2
<ScoreTableRealm>{78},<GameRoundsRealm>{115},<ScoreCellRealm>{1010 1011 1012},0
<ScoreTableRealm>{78},<GameRoundsRealm>{116},<ScoreCellRealm>{1013 1014 1015},0
<ScoreTableRealm>{78},<GameRoundsRealm>{117},<ScoreCellRealm>{1016 1017 1018},0
<ScoreTableRealm>{78},<null>,<ScoreCellRealm>{1019 1020 1021},3
<ScoreTableRealm>{78},<null>,<ScoreCellRealm>{1022 1023 1024},1
<ScoreTableRealm>{78},<null>,<ScoreCellRealm>{1025 1026 1027},2
<ScoreTableRealm>{79},<GameRoundsRealm>{118},<ScoreCellRealm>{1028 1029 1030 1031},0
<ScoreTableRealm>{79},<null>,<ScoreCellRealm>{1032 1033 1034 1035},3
<ScoreTableRealm>{79},<null>,<ScoreCellRealm>{1036 1037 1038 1039},1
<ScoreTableRealm>{79},<null>,<ScoreCellRealm>{1040 1041 1042 1043},2
<ScoreTableRealm>{80},<GameRoundsRealm>{119},<ScoreCellRealm>{1044 1045 1046 1047},0
<ScoreTableRealm>{80},<null>,<ScoreCellRealm>{1048 1049 1050 1051},3
<ScoreTableRealm>{80},<null>,<ScoreCellRealm>{1052 1053 1054 1055},1
<ScoreTableRealm>{80},<null>,<ScoreCellRealm>{1056 1057 1058 1059},2
<ScoreTableRealm>{81},<GameRoundsRealm>{120},<ScoreCellRealm>{1060 1061 1062 1063},0
<ScoreTableRealm>{81},<null>,<ScoreCellRealm>{1064 1065 1066 1067},3
<ScoreTableRealm>{81},<null>,<ScoreCellRealm>{1068 1069 1070 1071},1
<ScoreTableRealm>{81},<null>,<ScoreCellRealm>{1072 1073 1074 1075},2
<ScoreTableRealm>{82},<GameRoundsRealm>{122},<ScoreCellRealm>{1076 1077 1078 1079},0
<ScoreTableRealm>{82},<null>,<ScoreCellRealm>{1080 1081 1082 1083},3
<ScoreTableRealm>{82},<null>,<ScoreCellRealm>{1084 1085 1086 1087},1
<ScoreTableRealm>{82},<null>,<ScoreCellRealm>{1088 1089 1090 1091},2
<ScoreTableRealm>{83},<GameRoundsRealm>{123},<ScoreCellRealm>{1092 1093 1094 1095},0
<ScoreTableRealm>{83},<null>,<ScoreCellRealm>{1096 1097 1098 1099},3
<ScoreTableRealm>{83},<null>,<ScoreCellRealm>{1100 1101 1102 1103},1
<ScoreTableRealm>{83},<null>,<ScoreCellRealm>{1104 1105 1106 1107},2
<ScoreTableRealm>{84},<GameRoundsRealm>{124},<ScoreCellRealm>{1108 1109 1110 1111},0
<ScoreTableRealm>{84},<null>,<ScoreCellRealm>{1112 1113 1114 1115},3
<ScoreTableRealm>{84},<null>,<ScoreCellRealm>{1116 1117 1118 1119},1
<ScoreTableRealm>{84},<null>,<ScoreCellRealm>{1120 1121 1122 1123},2
<ScoreTableRealm>{85},<GameRoundsRealm>{126},<ScoreCellRealm>{1124 1125 1126 1127},0
<ScoreTableRealm>{85},<null>,<ScoreCellRealm>{1128 1129 1130 1131},3
<ScoreTableRealm>{85},<null>,<ScoreCellRealm>{1132 1133 1134 1135},1
<ScoreTableRealm>{85},<null>,<ScoreCellRealm>{1136 1137 1138 1139},2
<ScoreTableRealm>{86},<GameRoundsRealm>{127},<ScoreCellRealm>{1140 1141 1142},0
<ScoreTableRealm>{86},<null>,<ScoreCellRealm>{1143 1144 1145},3
<ScoreTableRealm>{86},<null>,<ScoreCellRealm>{1146 1147 1148},1
<ScoreTableRealm>{86},<null>,<ScoreCellRealm>{1149 1150 1151},2
<ScoreTableRealm>{87},<GameRoundsRealm>{128},<ScoreCellRealm>{1152 1153 1154 1155},0
<ScoreTableRealm>{87},<null>,<ScoreCellRealm>{1156 1157 1158 1159},3
<ScoreTableRealm>{87},<null>,<ScoreCellRealm>{1160 1161 1162 1163},1
<ScoreTableRealm>{87},<null>,<ScoreCellRealm>{1164 1165 1166 1167},2
<ScoreTableRealm>{88},<GameRoundsRealm>{129},<ScoreCellRealm>{1168 1169},0
<ScoreTableRealm>{88},<null>,<ScoreCellRealm>{1170 1171},3
<ScoreTableRealm>{88},<null>,<ScoreCellRealm>{1172 1173},1
<ScoreTableRealm>{88},<null>,<ScoreCellRealm>{1174 1175},2
<ScoreTableRealm>{89},<GameRoundsRealm>{131},<ScoreCellRealm>{1176 1177},0
<ScoreTableRealm>{89},<null>,<ScoreCellRealm>{1178 1179},3
<ScoreTableRealm>{89},<null>,<ScoreCellRealm>{1180 1181},1
<ScoreTableRealm>{89},<null>,<ScoreCellRealm>{1182 1183},2
<ScoreTableRealm>{90},<GameRoundsRealm>{132},<ScoreCellRealm>{1184 1185},0
<ScoreTableRealm>{90},<null>,<ScoreCellRealm>{1186 1187},3
<ScoreTableRealm>{90},<null>,<ScoreCellRealm>{1188 1189},1
<ScoreTableRealm>{90},<null>,<ScoreCellRealm>{1190 1191},2
<ScoreTableRealm>{91},<GameRoundsRealm>{133},<ScoreCellRealm>{1192 1193},0
<ScoreTableRealm>{91},<null>,<ScoreCellRealm>{1194 1195},3
<ScoreTableRealm>{91},<null>,<ScoreCellRealm>{1196 1197},1
<ScoreTableRealm>{91},<null>,<ScoreCellRealm>{1198 1199},2
<ScoreTableRealm>{92},<GameRoundsRealm>{134},<ScoreCellRealm>{1200 1201},0
<ScoreTableRealm>{92},<null>,<ScoreCellRealm>{1202 1203},3
<ScoreTableRealm>{92},<null>,<ScoreCellRealm>{1204 1205},1
<ScoreTableRealm>{92},<null>,<ScoreCellRealm>{1206 1207},2
<ScoreTableRealm>{93},<GameRoundsRealm>{135},<ScoreCellRealm>{1208 1209 1210 1211},0
<ScoreTableRealm>{93},<null>,<ScoreCellRealm>{1212 1213 1214 1215},3
<ScoreTableRealm>{93},<null>,<ScoreCellRealm>{1216 1217 1218 1219},1
<ScoreTableRealm>{93},<null>,<ScoreCellRealm>{1220 1221 1222 1223},2
<ScoreTableRealm>{94},<GameRoundsRealm>{136},<ScoreCellRealm>{1224 1225 1226 1227},0
<ScoreTableRealm>{94},<null>,<ScoreCellRealm>{1228 1229 1230 1231},3
<ScoreTableRealm>{94},<null>,<ScoreCellRealm>{1232 1233 1234 1235},1
<ScoreTableRealm>{94},<null>,<ScoreCellRealm>{1236 1237 1238 1239},2
<ScoreTableRealm>{95},<GameRoundsRealm>{138},<ScoreCellRealm>{1240 1241},0
<ScoreTableRealm>{95},<null>,<ScoreCellRealm>{1242 1243},3
<ScoreTableRealm>{95},<null>,<ScoreCellRealm>{1244 1245},1
<ScoreTableRealm>{95},<null>,<ScoreCellRealm>{1246 1247},2
<ScoreTableRealm>{96},<GameRoundsRealm>{139},<ScoreCellRealm>{1248 1249},0
<ScoreTableRealm>{96},<null>,<ScoreCellRealm>{1250 1251},3
<ScoreTableRealm>{96},<null>,<ScoreCellRealm>{1252 1253},1
<ScoreTableRealm>{96},<null>,<ScoreCellRealm>{1254 1255},2
<ScoreTableRealm>{97},<GameRoundsRealm>{140},<ScoreCellRealm>{1256 1257},0
<ScoreTableRealm>{97},<null>,<ScoreCellRealm>{1258 1259},3
<ScoreTableRealm>{97},<null>,<ScoreCellRealm>{1260 1261},1
<ScoreTableRealm>{97},<null>,<ScoreCellRealm>{1262 1263},2
<ScoreTableRealm>{98},<GameRoundsRealm>{141},<ScoreCellRealm>{1264 1265},0
<ScoreTableRealm>{98},<null>,<ScoreCellRealm>{1266 1267},3
<ScoreTableRealm>{98},<null>,<ScoreCellRealm>{1268 1269},1
<ScoreTableRealm>{98},<null>,<ScoreCellRealm>{1270 1271},2
<ScoreTableRealm>{99},<GameRoundsRealm>{143},<ScoreCellRealm>{1272 1273 1274},0
<ScoreTableRealm>{99},<null>,<ScoreCellRealm>{1275 1276 1277},3
<ScoreTableRealm>{99},<null>,<ScoreCellRealm>{1278 1279 1280},1
<ScoreTableRealm>{99},<null>,<ScoreCellRealm>{1281 1282 1283},2
<ScoreTableRealm>{100},<GameRoundsRealm>{144},<ScoreCellRealm>{1284 1285},0
<ScoreTableRealm>{100},<null>,<ScoreCellRealm>{1286 1287},3
<ScoreTableRealm>{100},<null>,<ScoreCellRealm>{1288 1289},1
<ScoreTableRealm>{100},<null>,<ScoreCellRealm>{1290 1291},2
<ScoreTableRealm>{101},<GameRoundsRealm>{145},<ScoreCellRealm>{1292 1293 1294 1295 1296},0
<ScoreTableRealm>{101},<null>,<ScoreCellRealm>{1297 1298 1299 1300 1301},3
<ScoreTableRealm>{101},<null>,<ScoreCellRealm>{1302 1303 1304 1305 1306},1
<ScoreTableRealm>{101},<null>,<ScoreCellRealm>{1307 1308 1309 1310 1311},2
<ScoreTableRealm>{102},<GameRoundsRealm>{146},<ScoreCellRealm>{1312 1313 1314 1315},0
<ScoreTableRealm>{102},<null>,<ScoreCellRealm>{1316 1317 1318 1319},3
<ScoreTableRealm>{102},<null>,<ScoreCellRealm>{1320 1321 1322 1323},1
<ScoreTableRealm>{102},<null>,<ScoreCellRealm>{1324 1325 1326 1327},2
<ScoreTableRealm>{103},<GameRoundsRealm>{147},<ScoreCellRealm>{1328 1329 1330 1331},0
<ScoreTableRealm>{103},<null>,<ScoreCellRealm>{1332 1333 1334 1335},3
<ScoreTableRealm>{103},<null>,<ScoreCellRealm>{1336 1337 1338 1339},1
<ScoreTableRealm>{103},<null>,<ScoreCellRealm>{1340 1341 1342 1343},2
<ScoreTableRealm>{104},<GameRoundsRealm>{148},<ScoreCellRealm>{1344 1345 1346 1347},0
<ScoreTableRealm>{104},<null>,<ScoreCellRealm>{1348 1349 1350 1351},3
<ScoreTableRealm>{104},<null>,<ScoreCellRealm>{1352 1353 1354 1355},1
<ScoreTableRealm>{104},<null>,<ScoreCellRealm>{1356 1357 1358 1359},2
<ScoreTableRealm>{105},<GameRoundsRealm>{149},<ScoreCellRealm>{1360 1361 1362 1363},0
<ScoreTableRealm>{105},<null>,<ScoreCellRealm>{1364 1365 1366 1367},3
<ScoreTableRealm>{105},<null>,<ScoreCellRealm>{1368 1369 1370 1371},1
<ScoreTableRealm>{105},<null>,<ScoreCellRealm>{1372 1373 1374 1375},2
<ScoreTableRealm>{106},<GameRoundsRealm>{150},<ScoreCellRealm>{1376 1377 1378 1379},0
<ScoreTableRealm>{106},<null>,<ScoreCellRealm>{1380 1381 1382 1383},3
<ScoreTableRealm>{106},<null>,<ScoreCellRealm>{1384 1385 1386 1387},1
<ScoreTableRealm>{106},<null>,<ScoreCellRealm>{1388 1389 1390 1391},2
<ScoreTableRealm>{107},<GameRoundsRealm>{151},<ScoreCellRealm>{1392 1393 1394 1395},0
<ScoreTableRealm>{107},<null>,<ScoreCellRealm>{1396 1397 1398 1399},3
<ScoreTableRealm>{107},<null>,<ScoreCellRealm>{1400 1401 1402 1403},1
<ScoreTableRealm>{107},<null>,<ScoreCellRealm>{1404 1405 1406 1407},2
<ScoreTableRealm>{108},<GameRoundsRealm>{152},<ScoreCellRealm>{1408 1409 1410 1411},0
<ScoreTableRealm>{108},<null>,<ScoreCellRealm>{1412 1413 1414 1415},3
<ScoreTableRealm>{108},<null>,<ScoreCellRealm>{1416 1417 1418 1419},1
<ScoreTableRealm>{108},<null>,<ScoreCellRealm>{1420 1421 1422 1423},2
<ScoreTableRealm>{109},<GameRoundsRealm>{154},<ScoreCellRealm>{1424 1425 1426 1427},0
<ScoreTableRealm>{109},<null>,<ScoreCellRealm>{1428 1429 1430 1431},3
<ScoreTableRealm>{109},<null>,<ScoreCellRealm>{1432 1433 1434 1435},1
<ScoreTableRealm>{109},<null>,<ScoreCellRealm>{1436 1437 1438 1439},2
<ScoreTableRealm>{110},<GameRoundsRealm>{155},<ScoreCellRealm>{1440 1441 1442 1443},0
<ScoreTableRealm>{110},<null>,<ScoreCellRealm>{1444 1445 1446 1447},3
<ScoreTableRealm>{110},<null>,<ScoreCellRealm>{1448 1449 1450 1451},1
<ScoreTableRealm>{110},<null>,<ScoreCellRealm>{1452 1453 1454 1455},2
<ScoreTableRealm>{111},<GameRoundsRealm>{157},<ScoreCellRealm>{1456 1457 1458 1459},0
<ScoreTableRealm>{111},<null>,<ScoreCellRealm>{1460 1461 1462 1463},3
<ScoreTableRealm>{111},<null>,<ScoreCellRealm>{1464 1465 1466 1467},1
<ScoreTableRealm>{111},<null>,<ScoreCellRealm>{1468 1469 1470 1471},2
<ScoreTableRealm>{112},<GameRoundsRealm>{159},<ScoreCellRealm>{1472 1473},0
<ScoreTableRealm>{112},<null>,<ScoreCellRealm>{1474 1475},3
<ScoreTableRealm>{112},<null>,<ScoreCellRealm>{1476 1477},1
<ScoreTableRealm>{112},<null>,<ScoreCellRealm>{1478 1479},2
<ScoreTableRealm>{113},<GameRoundsRealm>{161},<ScoreCellRealm>{1480 1481 1482},0
<ScoreTableRealm>{113},<null>,<ScoreCellRealm>{1483 1484 1485},3
<ScoreTableRealm>{113},<null>,<ScoreCellRealm>{1486 1487 1488},1
<ScoreTableRealm>{113},<null>,<ScoreCellRealm>{1489 1490 1491},2
<ScoreTableRealm>{114},<GameRoundsRealm>{163},<ScoreCellRealm>{1492 1493 1494 1495 1496 1497},0
<ScoreTableRealm>{114},<null>,<ScoreCellRealm>{1498 1499 1500 1501 1502 1503},3
<ScoreTableRealm>{114},<null>,<ScoreCellRealm>{1504 1505 1506 1507 1508 1509},1
<ScoreTableRealm>{114},<null>,<ScoreCellRealm>{1510 1511 1512 1513 1514 1515},2
<ScoreTableRealm>{115},<GameRoundsRealm>{164},<ScoreCellRealm>{1516 1517 1518 1519 1520 1521},0
<ScoreTableRealm>{115},<null>,<ScoreCellRealm>{1522 1523 1524 1525 1526 1527},3
<ScoreTableRealm>{115},<null>,<ScoreCellRealm>{1528 1529 1530 1531 1532 1533},1
<ScoreTableRealm>{115},<null>,<ScoreCellRealm>{1534 1535 1536 1537 1538 1539},2
<ScoreTableRealm>{116},<GameRoundsRealm>{165},<ScoreCellRealm>{1540 1541 1542 1543 1544 1545},0
<ScoreTableRealm>{116},<null>,<ScoreCellRealm>{1546 1547 1548 1549 1550 1551},3
<ScoreTableRealm>{116},<null>,<ScoreCellRealm>{1552 1553 1554 1555 1556 1557},1
<ScoreTableRealm>{116},<null>,<ScoreCellRealm>{1558 1559 1560 1561 1562 1563},2
<ScoreTableRealm>{117},<GameRoundsRealm>{166},<ScoreCellRealm>{1564 1565 1566 1567 1568 1569},0
<ScoreTableRealm>{117},<null>,<ScoreCellRealm>{1570 1571 1572 1573 1574 1575},3
<ScoreTableRealm>{117},<null>,<ScoreCellRealm>{1576 1577 1578 1579 1580 1581},1
<ScoreTableRealm>{117},<null>,<ScoreCellRealm>{1582 1583 1584 1585 1586 1587},2
<ScoreTableRealm>{118},<GameRoundsRealm>{167},<ScoreCellRealm>{1588 1589 1590 1591 1592 1593},0
<ScoreTableRealm>{118},<null>,<ScoreCellRealm>{1594 1595 1596 1597 1598 1599},3
<ScoreTableRealm>{118},<null>,<ScoreCellRealm>{1600 1601 1602 1603 1604 1605},1
<ScoreTableRealm>{118},<null>,<ScoreCellRealm>{1606 1607 1608 1609 1610 1611},2
<ScoreTableRealm>{119},<GameRoundsRealm>{168},<ScoreCellRealm>{1612 1613 1614 1615 1616 1617},0
<ScoreTableRealm>{119},<null>,<ScoreCellRealm>{1618 1619 1620 1621 1622 1623},3
<ScoreTableRealm>{119},<null>,<ScoreCellRealm>{1624 1625 1626 1627 1628 1629},1
<ScoreTableRealm>{119},<null>,<ScoreCellRealm>{1630 1631 1632 1633 1634 1635},2
<ScoreTableRealm>{120},<GameRoundsRealm>{170},<ScoreCellRealm>{1636 1637 1638 1639},0
<ScoreTableRealm>{120},<null>,<ScoreCellRealm>{1640 1641 1642 1643},3
<ScoreTableRealm>{120},<null>,<ScoreCellRealm>{1644 1645 1646 1647},1
<ScoreTableRealm>{120},<null>,<ScoreCellRealm>{1648 1649 1650 1651},2
<ScoreTableRealm>{121},<GameRoundsRealm>{172},<ScoreCellRealm>{1652 1653 1654},0
<ScoreTableRealm>{121},<null>,<ScoreCellRealm>{1655 1656 1657},3
<ScoreTableRealm>{121},<null>,<ScoreCellRealm>{1658 1659 1660},1
<ScoreTableRealm>{121},<null>,<ScoreCellRealm>{1661 1662 1663},2
<ScoreTableRealm>{122},<GameRoundsRealm>{173},<ScoreCellRealm>{1664 1665 1666},0
<ScoreTableRealm>{122},<null>,<ScoreCellRealm>{1667 1668 1669},3
<ScoreTableRealm>{122},<null>,<ScoreCellRealm>{1670 1671 1672},1
<ScoreTableRealm>{122},<null>,<ScoreCellRealm>{1673 1674 1675},2
<ScoreTableRealm>{123},<GameRoundsRealm>{175},<ScoreCellRealm>{1676 1680 1684},0
<ScoreTableRealm>{123},<null>,<ScoreCellRealm>{1677 1681 1685},3
<ScoreTableRealm>{123},<null>,<ScoreCellRealm>{1678 1682 1686},1
<ScoreTableRealm>{123},<null>,<ScoreCellRealm>{1679 1683 1687},2
<ScoreTableRealm>{124},<GameRoundsRealm>{176},<ScoreCellRealm>{1688 1689 1690 1691},0
<ScoreTableRealm>{124},<null>,<ScoreCellRealm>{1692 1693 1694 1695},3
<ScoreTableRealm>{124},<null>,<ScoreCellRealm>{1696 1697 1698 1699},1
<ScoreTableRealm>{124},<null>,<ScoreCellRealm>{1700 1701 1702 1703},2
<ScoreTableRealm>{125},<GameRoundsRealm>{177},<ScoreCellRealm>{1704 1705 1706 1707},0
<ScoreTableRealm>{125},<null>,<ScoreCellRealm>{1708 1709 1710 1711},3
<ScoreTableRealm>{125},<null>,<ScoreCellRealm>{1712 1713 1714 1715},1
<ScoreTableRealm>{125},<null>,<ScoreCellRealm>{1716 1717 1718 1719},2
<ScoreTableRealm>{126},<GameRoundsRealm>{178},<ScoreCellRealm>{1720 1721 1722 1723},0
<ScoreTableRealm>{126},<null>,<ScoreCellRealm>{1724 1725 1726 1727},3
<ScoreTableRealm>{126},<null>,<ScoreCellRealm>{1728 1729 1730 1731},1
<ScoreTableRealm>{126},<null>,<ScoreCellRealm>{1732 1733 1734 1735},2
<ScoreTableRealm>{127},<GameRoundsRealm>{179},<ScoreCellRealm>{1736 1737 1738 1739},0
<ScoreTableRealm>{127},<null>,<ScoreCellRealm>{1740 1741 1742 1743},3
<ScoreTableRealm>{127},<null>,<ScoreCellRealm>{1744 1745 1746 1747},1
<ScoreTableRealm>{127},<null>,<ScoreCellRealm>{1748 1749 1750 1751},2
<ScoreTableRealm>{128},<GameRoundsRealm>{180},<ScoreCellRealm>{1752 1753 1754 1755},0
<ScoreTableRealm>{128},<null>,<ScoreCellRealm>{1756 1757 1758 1759},3
<ScoreTableRealm>{128},<null>,<ScoreCellRealm>{1760 1761 1762 1763},1
<ScoreTableRealm>{128},<null>,<ScoreCellRealm>{1764 1765 1766 1767},2
<ScoreTableRealm>{129},<GameRoundsRealm>{181},<ScoreCellRealm>{1768 1769 1770 1771},0
<ScoreTableRealm>{129},<null>,<ScoreCellRealm>{1772 1773 1774 1775},3
<ScoreTableRealm>{129},<null>,<ScoreCellRealm>{1776 1777 1778 1779},1
<ScoreTableRealm>{129},<null>,<ScoreCellRealm>{1780 1781 1782 1783},2
<ScoreTableRealm>{130},<GameRoundsRealm>{182},<ScoreCellRealm>{1784 1785 1786 1787},0
<ScoreTableRealm>{130},<null>,<ScoreCellRealm>{1788 1789 1790 1791},3
<ScoreTableRealm>{130},<null>,<ScoreCellRealm>{1792 1793 1794 1795},1
<ScoreTableRealm>{130},<null>,<ScoreCellRealm>{1796 1797 1798 1799},2
<ScoreTableRealm>{131},<GameRoundsRealm>{183},<ScoreCellRealm>{1800 1801 1802},0
<ScoreTableRealm>{131},<null>,<ScoreCellRealm>{1803 1804 1805},3
<ScoreTableRealm>{131},<null>,<ScoreCellRealm>{1806 1807 1808},1
<ScoreTableRealm>{131},<null>,<ScoreCellRealm>{1809 1810 1811},2
<ScoreTableRealm>{132},<GameRoundsRealm>{184},<ScoreCellRealm>{1812 1813 1814 1815},0
<ScoreTableRealm>{132},<null>,<ScoreCellRealm>{1816 1817 1818 1819},3
<ScoreTableRealm>{132},<null>,<ScoreCellRealm>{1820 1821 1822 1823},1
<ScoreTableRealm>{132},<null>,<ScoreCellRealm>{1824 1825 1826 1827},2
<ScoreTableRealm>{133},<GameRoundsRealm>{186},<ScoreCellRealm>{1828 1829 1830},0
<ScoreTableRealm>{133},<null>,<ScoreCellRealm>{1831 1832 1833},3
<ScoreTableRealm>{133},<null>,<ScoreCellRealm>{1834 1835 1836},1
<ScoreTableRealm>{133},<null>,<ScoreCellRealm>{1837 1838 1839},2
<ScoreTableRealm>{134},<GameRoundsRealm>{188},<ScoreCellRealm>{1840 1842 1843 1852},0
<ScoreTableRealm>{134},<null>,<ScoreCellRealm>{1844 1846 1847 1853},3
<ScoreTableRealm>{134},<null>,<ScoreCellRealm>{1848 1850 1851 1854},1
<ScoreTableRealm>{134},<null>,<ScoreCellRealm>{1849 1845 1841 1855},2
<ScoreTableRealm>{135},<GameRoundsRealm>{189},<ScoreCellRealm>{1856 1857 1858 1859},0
<ScoreTableRealm>{135},<null>,<ScoreCellRealm>{1860 1861 1862 1863},3
<ScoreTableRealm>{135},<null>,<ScoreCellRealm>{1864 1865 1866 1867},1
<ScoreTableRealm>{135},<null>,<ScoreCellRealm>{1868 1869 1870 1871},2
<ScoreTableRealm>{136},<GameRoundsRealm>{190},<ScoreCellRealm>{1872 1873 1874 1875},0
<ScoreTableRealm>{136},<null>,<ScoreCellRealm>{1876 1877 1878 1879},3
<ScoreTableRealm>{136},<null>,<ScoreCellRealm>{1880 1881 1882 1883},1
<ScoreTableRealm>{136},<null>,<ScoreCellRealm>{1884 1885 1886 1887},2
<ScoreTableRealm>{137},<GameRoundsRealm>{192},<ScoreCellRealm>{1888 1889},0
<ScoreTableRealm>{137},<null>,<ScoreCellRealm>{1890 1891},3
<ScoreTableRealm>{137},<null>,<ScoreCellRealm>{1892 1893},1
<ScoreTableRealm>{137},<null>,<ScoreCellRealm>{1894 1895},2
<ScoreTableRealm>{138},<GameRoundsRealm>{193},<ScoreCellRealm>{1896 1897},0
<ScoreTableRealm>{138},<null>,<ScoreCellRealm>{1898 1899},3
<ScoreTableRealm>{138},<null>,<ScoreCellRealm>{1900 1901},1
<ScoreTableRealm>{138},<null>,<ScoreCellRealm>{1902 1903},2
<ScoreTableRealm>{139},<GameRoundsRealm>{199},<ScoreCellRealm>{1904 1905 1906},0
<ScoreTableRealm>{139},<GameRoundsRealm>{200},<ScoreCellRealm>{1907 1908 1909},0
<ScoreTableRealm>{139},<GameRoundsRealm>{201},<ScoreCellRealm>{1910 1911 1912},0
<ScoreTableRealm>{139},<GameRoundsRealm>{202},<ScoreCellRealm>{1913 1914 1915},0
<ScoreTableRealm>{139},<GameRoundsRealm>{203},<ScoreCellRealm>{1916 1917 1918},0
<ScoreTableRealm>{139},<null>,<ScoreCellRealm>{1919 1920 1921},3
<ScoreTableRealm>{139},<null>,<ScoreCellRealm>{1922 1923 1924},1
<ScoreTableRealm>{139},<null>,<ScoreCellRealm>{1925 1926 1927},2
<ScoreTableRealm>{140},<GameRoundsRealm>{205},<ScoreCellRealm>{1928 1929 1930},0
<ScoreTableRealm>{140},<null>,<ScoreCellRealm>{1931 1932 1933},3
<ScoreTableRealm>{140},<null>,<ScoreCellRealm>{1934 1935 1936},1
<ScoreTableRealm>{140},<null>,<ScoreCellRealm>{1937 1938 1939},2
<ScoreTableRealm>{141},<GameRoundsRealm>{206},<ScoreCellRealm>{1940 1941 1942},0
<ScoreTableRealm>{141},<null>,<ScoreCellRealm>{1943 1944 1945},3
<ScoreTableRealm>{141},<null>,<ScoreCellRealm>{1946 1947 1948},1
<ScoreTableRealm>{141},<null>,<ScoreCellRealm>{1949 1950 1951},2
<ScoreTableRealm>{142},<GameRoundsRealm>{208},<ScoreCellRealm>{1952 1953},0
<ScoreTableRealm>{142},<null>,<ScoreCellRealm>{1954 1955},3
<ScoreTableRealm>{142},<null>,<ScoreCellRealm>{1956 1957},1
<ScoreTableRealm>{142},<null>,<ScoreCellRealm>{1958 1959},2
<ScoreTableRealm>{143},<GameRoundsRealm>{210},<ScoreCellRealm>{1960 1961 1962},0
<ScoreTableRealm>{143},<null>,<ScoreCellRealm>{1963 1964 1965},3
<ScoreTableRealm>{143},<null>,<ScoreCellRealm>{1966 1967 1968},1
<ScoreTableRealm>{143},<null>,<ScoreCellRealm>{1969 1970 1971},2
<ScoreTableRealm>{144},<GameRoundsRealm>{211},<ScoreCellRealm>{1972 1973 1974},0
<ScoreTableRealm>{144},<null>,<ScoreCellRealm>{1975 1976 1977},3
<ScoreTableRealm>{144},<null>,<ScoreCellRealm>{1978 1979 1980},1
<ScoreTableRealm>{144},<null>,<ScoreCellRealm>{1981 1982 1983},2
<ScoreTableRealm>{145},<GameRoundsRealm>{212},<ScoreCellRealm>{1984 1985 1986},0
<ScoreTableRealm>{145},<null>,<ScoreCellRealm>{1987 1988 1989},3
<ScoreTableRealm>{145},<null>,<ScoreCellRealm>{1990 1991 1992},1
<ScoreTableRealm>{145},<null>,<ScoreCellRealm>{1993 1994 1995},2
<ScoreTableRealm>{146},<GameRoundsRealm>{216},<ScoreCellRealm>{1996 1997 1998},0
<ScoreTableRealm>{146},<GameRoundsRealm>{217},<ScoreCellRealm>{1999 2000 2001},0
<ScoreTableRealm>{146},<GameRoundsRealm>{218},<ScoreCellRealm>{2002 2003 2004},0
<ScoreTableRealm>{146},<null>,<ScoreCellRealm>{2005 2006 2007},3
<ScoreTableRealm>{146},<null>,<ScoreCellRealm>{2008 2009 2010},1
<ScoreTableRealm>{146},<null>,<ScoreCellRealm>{2011 2012 2013},2
<ScoreTableRealm>{147},<GameRoundsRealm>{222},<ScoreCellRealm>{2014 2015 2016},0
<ScoreTableRealm>{147},<GameRoundsRealm>{223},<ScoreCellRealm>{2017 2018 2019},0
<ScoreTableRealm>{147},<GameRoundsRealm>{224},<ScoreCellRealm>{2020 2021 2022},0
<ScoreTableRealm>{147},<null>,<ScoreCellRealm>{2023 2024 2025},3
<ScoreTableRealm>{147},<null>,<ScoreCellRealm>{2026 2027 2028},1
<ScoreTableRealm>{147},<null>,<ScoreCellRealm>{2029 2030 2031},2
<ScoreTableRealm>{148},<GameRoundsRealm>{225},<ScoreCellRealm>{2032 2033 2034},0
<ScoreTableRealm>{148},<GameRoundsRealm>{226},<ScoreCellRealm>{2035 2036 2037},0
<ScoreTableRealm>{148},<GameRoundsRealm>{227},<ScoreCellRealm>{2038 2039 2040},0
<ScoreTableRealm>{148},<null>,<ScoreCellRealm>{2041 2042 2043},3
<ScoreTableRealm>{148},<null>,<ScoreCellRealm>{2044 2045 2046},1
<ScoreTableRealm>{148},<null>,<ScoreCellRealm>{2047 2048 2049},2
<ScoreTableRealm>{149},<GameRoundsRealm>{229},<ScoreCellRealm>{2050 2051 2052},0
<ScoreTableRealm>{149},<null>,<ScoreCellRealm>{2053 2054 2055},3
<ScoreTableRealm>{149},<null>,<ScoreCellRealm>{2056 2057 2058},1
<ScoreTableRealm>{149},<null>,<ScoreCellRealm>{2059 2060 2061},2
<ScoreTableRealm>{150},<GameRoundsRealm>{230},<ScoreCellRealm>{2062 2063 2064},0
<ScoreTableRealm>{150},<null>,<ScoreCellRealm>{2065 2066 2067},3
<ScoreTableRealm>{150},<null>,<ScoreCellRealm>{2068 2069 2070},1
<ScoreTableRealm>{150},<null>,<ScoreCellRealm>{2071 2072 2073},2
<ScoreTableRealm>{151},<GameRoundsRealm>{231},<ScoreCellRealm>{2074 2075 2076},0
<ScoreTableRealm>{151},<null>,<ScoreCellRealm>{2077 2078 2079},3
<ScoreTableRealm>{151},<null>,<ScoreCellRealm>{2080 2081 2082},1
<ScoreTableRealm>{151},<null>,<ScoreCellRealm>{2083 2084 2085},2
<ScoreTableRealm>{152},<GameRoundsRealm>{232},<ScoreCellRealm>{2086 2087 2088},0
<ScoreTableRealm>{152},<null>,<ScoreCellRealm>{2089 2090 2091},3
<ScoreTableRealm>{152},<null>,<ScoreCellRealm>{2092 2093 2094},1
<ScoreTableRealm>{152},<null>,<ScoreCellRealm>{2095 2096 2097},2
<ScoreTableRealm>{153},<GameRoundsRealm>{233},<ScoreCellRealm>{2098 2099 2100},0
<ScoreTableRealm>{153},<null>,<ScoreCellRealm>{2101 2102 2103},3
<ScoreTableRealm>{153},<null>,<ScoreCellRealm>{2104 2105 2106},1
<ScoreTableRealm>{153},<null>,<ScoreCellRealm>{2107 2108 2109},2
<ScoreTableRealm>{154},<GameRoundsRealm>{234},<ScoreCellRealm>{2110 2111 2112},0
<ScoreTableRealm>{154},<GameRoundsRealm>{235},<ScoreCellRealm>{2113 2114 2115},0
<ScoreTableRealm>{154},<GameRoundsRealm>{236},<ScoreCellRealm>{2116 2117 2118},0
<ScoreTableRealm>{154},<null>,<ScoreCellRealm>{2119 2120 2121},3
<ScoreTableRealm>{154},<null>,<ScoreCellRealm>{2122 2123 2124},1
<ScoreTableRealm>{154},<null>,<ScoreCellRealm>{2125 2126 2127},2
<ScoreTableRealm>{155},<GameRoundsRealm>{237},<ScoreCellRealm>{2128 2129 2130},0
<ScoreTableRealm>{155},<GameRoundsRealm>{238},<ScoreCellRealm>{2131 2132 2133},0
<ScoreTableRealm>{155},<GameRoundsRealm>{239},<ScoreCellRealm>{2134 2135 2136},0
<ScoreTableRealm>{155},<null>,<ScoreCellRealm>{2137 2138 2139},3
<ScoreTableRealm>{155},<null>,<ScoreCellRealm>{2140 2141 2142},1
<ScoreTableRealm>{155},<null>,<ScoreCellRealm>{2143 2144 2145},2
<ScoreTableRealm>{156},<GameRoundsRealm>{240},<ScoreCellRealm>{2146 2147 2148},0
<ScoreTableRealm>{156},<GameRoundsRealm>{241},<ScoreCellRealm>{2149 2150 2151},0
<ScoreTableRealm>{156},<GameRoundsRealm>{242},<ScoreCellRealm>{2152 2153 2154},0
<ScoreTableRealm>{156},<null>,<ScoreCellRealm>{2155 2156 2157},3
<ScoreTableRealm>{156},<null>,<ScoreCellRealm>{2158 2159 2160},1
<ScoreTableRealm>{156},<null>,<ScoreCellRealm>{2161 2162 2163},2
<ScoreTableRealm>{157},<GameRoundsRealm>{243},<ScoreCellRealm>{2164 2165 2166},0
<ScoreTableRealm>{157},<GameRoundsRealm>{244},<ScoreCellRealm>{2167 2168 2169},0
<ScoreTableRealm>{157},<GameRoundsRealm>{245},<ScoreCellRealm>{2170 2171 2172},0
<ScoreTableRealm>{157},<null>,<ScoreCellRealm>{2173 2174 2175},3
<ScoreTableRealm>{157},<null>,<ScoreCellRealm>{2176 2177 2178},1
<ScoreTableRealm>{157},<null>,<ScoreCellRealm>{2179 2180 2181},2
<ScoreTableRealm>{158},<GameRoundsRealm>{247},<ScoreCellRealm>{2182 2183},0
<ScoreTableRealm>{158},<null>,<ScoreCellRealm>{2184 2185},3
<ScoreTableRealm>{158},<null>,<ScoreCellRealm>{2186 2187},1
<ScoreTableRealm>{158},<null>,<ScoreCellRealm>{2188 2189},2
<ScoreTableRealm>{159},<GameRoundsRealm>{249},<ScoreCellRealm>{2190 2191 2192},0
<ScoreTableRealm>{159},<null>,<ScoreCellRealm>{2193 2194 2195},3
<ScoreTableRealm>{159},<null>,<ScoreCellRealm>{2196 2197 2198},1
<ScoreTableRealm>{159},<null>,<ScoreCellRealm>{2199 2200 2201},2
<ScoreTableRealm>{160},<GameRoundsRealm>{251},<ScoreCellRealm>{2202 2203 2204},0
<ScoreTableRealm>{160},<null>,<ScoreCellRealm>{2205 2206 2207},3
<ScoreTableRealm>{160},<null>,<ScoreCellRealm>{2208 2209 2210},1
<ScoreTableRealm>{160},<null>,<ScoreCellRealm>{2211 2212 2213},2
<ScoreTableRealm>{161},<GameRoundsRealm>{253},<ScoreCellRealm>{2214 2215 2216 2217},0
<ScoreTableRealm>{161},<null>,<ScoreCellRealm>{2218 2219 2220 2221},3
<ScoreTableRealm>{161},<null>,<ScoreCellRealm>{2222 2223 2224 2225},1
<ScoreTableRealm>{161},<null>,<ScoreCellRealm>{2226 2227 2228 2229},2
<ScoreTableRealm>{162},<GameRoundsRealm>{254},<ScoreCellRealm>{2230 2231 2232},0
<ScoreTableRealm>{162},<null>,<ScoreCellRealm>{2233 2234 2235},3
<ScoreTableRealm>{162},<null>,<ScoreCellRealm>{2236 2237 2238},1
<ScoreTableRealm>{162},<null>,<ScoreCellRealm>{2239 2240 2241},2
<ScoreTableRealm>{163},<GameRoundsRealm>{255},<ScoreCellRealm>{2242 2243 2244},0
<ScoreTableRealm>{163},<null>,<ScoreCellRealm>{2245 2246 2247},3
<ScoreTableRealm>{163},<null>,<ScoreCellRealm>{2248 2249 2250},1
<ScoreTableRealm>{163},<null>,<ScoreCellRealm>{2251 2252 2253},2
<ScoreTableRealm>{164},<GameRoundsRealm>{256},<ScoreCellRealm>{2254 2255 2256},0
<ScoreTableRealm>{164},<null>,<ScoreCellRealm>{2257 2258 2259},3
<ScoreTableRealm>{164},<null>,<ScoreCellRealm>{2260 2261 2262},1
<ScoreTableRealm>{164},<null>,<ScoreCellRealm>{2263 2264 2265},2
<ScoreTableRealm>{165},<GameRoundsRealm>{258},<ScoreCellRealm>{2266 2267 2268},0
<ScoreTableRealm>{165},<null>,<ScoreCellRealm>{2269 2270 2271},3
<ScoreTableRealm>{165},<null>,<ScoreCellRealm>{2272 2273 2274},1
<ScoreTableRealm>{165},<null>,<ScoreCellRealm>{2275 2276 2277},2
<ScoreTableRealm>{166},<GameRoundsRealm>{261},<ScoreCellRealm>{2278 2279 2280},0
<ScoreTableRealm>{166},<GameRoundsRealm>{262},<ScoreCellRealm>{2281 2282 2283},0
<ScoreTableRealm>{166},<null>,<ScoreCellRealm>{2284 2285 2286},3
<ScoreTableRealm>{166},<null>,<ScoreCellRealm>{2287 2288 2289},1
<ScoreTableRealm>{166},<null>,<ScoreCellRealm>{2290 2291 2292},2
<ScoreTableRealm>{167},<GameRoundsRealm>{263},<ScoreCellRealm>{2293 2294 2295},0
<ScoreTableRealm>{167},<GameRoundsRealm>{264},<ScoreCellRealm>{2296 2297 2298},0
<ScoreTableRealm>{167},<null>,<ScoreCellRealm>{2299 2300 2301},3
<ScoreTableRealm>{167},<null>,<ScoreCellRealm>{2302 2303 2304},1
<ScoreTableRealm>{167},<null>,<ScoreCellRealm>{2305 2306 2307},2
<ScoreTableRealm>{168},<GameRoundsRealm>{265},<ScoreCellRealm>{2308 2309 2310},0
<ScoreTableRealm>{168},<GameRoundsRealm>{266},<ScoreCellRealm>{2311 2312 2313},0
<ScoreTableRealm>{168},<null>,<ScoreCellRealm>{2314 2315 2316},3
<ScoreTableRealm>{168},<null>,<ScoreCellRealm>{2317 2318 2319},1
<ScoreTableRealm>{168},<null>,<ScoreCellRealm>{2320 2321 2322},2
<ScoreTableRealm>{169},<GameRoundsRealm>{267},<ScoreCellRealm>{2323 2324 2325},0
<ScoreTableRealm>{169},<GameRoundsRealm>{268},<ScoreCellRealm>{2326 2327 2328},0
<ScoreTableRealm>{169},<null>,<ScoreCellRealm>{2329 2330 2331},3
<ScoreTableRealm>{169},<null>,<ScoreCellRealm>{2332 2333 2334},1
<ScoreTableRealm>{169},<null>,<ScoreCellRealm>{2335 2336 2337},2
<ScoreTableRealm>{170},<GameRoundsRealm>{270},<ScoreCellRealm>{2338 2339 2340},0
<ScoreTableRealm>{170},<null>,<ScoreCellRealm>{2341 2342 2343},3
<ScoreTableRealm>{170},<null>,<ScoreCellRealm>{2344 2345 2346},1
<ScoreTableRealm>{170},<null>,<ScoreCellRealm>{2347 2348 2349},2
<ScoreTableRealm>{171},<GameRoundsRealm>{271},<ScoreCellRealm>{2350 2351 2352},0
<ScoreTableRealm>{171},<GameRoundsRealm>{272},<ScoreCellRealm>{2353 2354 2355},0
<ScoreTableRealm>{171},<null>,<ScoreCellRealm>{2356 2357 2358},3
<ScoreTableRealm>{171},<null>,<ScoreCellRealm>{2359 2360 2361},1
<ScoreTableRealm>{171},<null>,<ScoreCellRealm>{2362 2363 2364},2
<ScoreTableRealm>{172},<GameRoundsRealm>{273},<ScoreCellRealm>{2365 2366 2367},0
<ScoreTableRealm>{172},<null>,<ScoreCellRealm>{2368 2369 2370},3
<ScoreTableRealm>{172},<null>,<ScoreCellRealm>{2371 2372 2373},1
<ScoreTableRealm>{172},<null>,<ScoreCellRealm>{2374 2375 2376},2
<ScoreTableRealm>{173},<GameRoundsRealm>{274},<ScoreCellRealm>{2377 2378 2379},0
<ScoreTableRealm>{173},<null>,<ScoreCellRealm>{2380 2381 2382},3
<ScoreTableRealm>{173},<null>,<ScoreCellRealm>{2383 2384 2385},1
<ScoreTableRealm>{173},<null>,<ScoreCellRealm>{2386 2387 2388},2
<ScoreTableRealm>{174},<GameRoundsRealm>{275},<ScoreCellRealm>{2389 2390 2391},0
<ScoreTableRealm>{174},<null>,<ScoreCellRealm>{2392 2393 2394},3
<ScoreTableRealm>{174},<null>,<ScoreCellRealm>{2395 2396 2397},1
<ScoreTableRealm>{174},<null>,<ScoreCellRealm>{2398 2399 2400},2
<ScoreTableRealm>{175},<GameRoundsRealm>{277},<ScoreCellRealm>{2401 2402 2403},0
<ScoreTableRealm>{175},<null>,<ScoreCellRealm>{2404 2405 2406},3
<ScoreTableRealm>{175},<null>,<ScoreCellRealm>{2407 2408 2409},1
<ScoreTableRealm>{175},<null>,<ScoreCellRealm>{2410 2411 2412},2
<ScoreTableRealm>{176},<GameRoundsRealm>{278},<ScoreCellRealm>{2413 2414 2415},0
<ScoreTableRealm>{176},<null>,<ScoreCellRealm>{2416 2417 2418},3
<ScoreTableRealm>{176},<null>,<ScoreCellRealm>{2419 2420 2421},1
<ScoreTableRealm>{176},<null>,<ScoreCellRealm>{2422 2423 2424},2
<ScoreTableRealm>{177},<GameRoundsRealm>{279},<ScoreCellRealm>{2425 2426 2427},0
<ScoreTableRealm>{177},<null>,<ScoreCellRealm>{2428 2429 2430},3
<ScoreTableRealm>{177},<null>,<ScoreCellRealm>{2431 2432 2433},1
<ScoreTableRealm>{177},<null>,<ScoreCellRealm>{2434 2435 2436},2
<ScoreTableRealm>{178},<GameRoundsRealm>{281},<ScoreCellRealm>{2437 2438},0
<ScoreTableRealm>{178},<null>,<ScoreCellRealm>{2439 2440},3
<ScoreTableRealm>{178},<null>,<ScoreCellRealm>{2441 2442},1
<ScoreTableRealm>{178},<null>,<ScoreCellRealm>{2443 2444},2
<ScoreTableRealm>{179},<GameRoundsRealm>{282},<ScoreCellRealm>{2445 2446 2447},0
<ScoreTableRealm>{179},<null>,<ScoreCellRealm>{2448 2449 2450},3
<ScoreTableRealm>{179},<null>,<ScoreCellRealm>{2451 2452 2453},1
<ScoreTableRealm>{179},<null>,<ScoreCellRealm>{2454 2455 2456},2
<ScoreTableRealm>{180},<GameRoundsRealm>{283},<ScoreCellRealm>{2457 2458 2459},0
<ScoreTableRealm>{180},<null>,<ScoreCellRealm>{2460 2461 2462},3
<ScoreTableRealm>{180},<null>,<ScoreCellRealm>{2463 2464 2465},1
<ScoreTableRealm>{180},<null>,<ScoreCellRealm>{2466 2467 2468},2
<ScoreTableRealm>{181},<GameRoundsRealm>{284},<ScoreCellRealm>{2469 2470 2471},0
<ScoreTableRealm>{181},<null>,<ScoreCellRealm>{2472 2473 2474},3
<ScoreTableRealm>{181},<null>,<ScoreCellRealm>{2475 2476 2477},1
<ScoreTableRealm>{181},<null>,<ScoreCellRealm>{2478 2479 2480},2
<ScoreTableRealm>{182},<GameRoundsRealm>{285},<ScoreCellRealm>{2481 2482 2483},0
<ScoreTableRealm>{182},<null>,<ScoreCellRealm>{2484 2485 2486},3
<ScoreTableRealm>{182},<null>,<ScoreCellRealm>{2487 2488 2489},1
<ScoreTableRealm>{182},<null>,<ScoreCellRealm>{2490 2491 2492},2
<ScoreTableRealm>{183},<GameRoundsRealm>{286},<ScoreCellRealm>{2493 2494 2495 2496},0
<ScoreTableRealm>{183},<null>,<ScoreCellRealm>{2497 2498 2499 2500},3
<ScoreTableRealm>{183},<null>,<ScoreCellRealm>{2501 2502 2503 2504},1
<ScoreTableRealm>{183},<null>,<ScoreCellRealm>{2505 2506 2507 2508},2
<ScoreTableRealm>{184},<GameRoundsRealm>{287},<ScoreCellRealm>{2509 2510 2511},0
<ScoreTableRealm>{184},<null>,<ScoreCellRealm>{2512 2513 2514},3
<ScoreTableRealm>{184},<null>,<ScoreCellRealm>{2515 2516 2517},1
<ScoreTableRealm>{184},<null>,<ScoreCellRealm>{2518 2519 2520},2
<ScoreTableRealm>{185},<GameRoundsRealm>{288},<ScoreCellRealm>{2521 2522 2523},0
<ScoreTableRealm>{185},<null>,<ScoreCellRealm>{2524 2525 2526},3
<ScoreTableRealm>{185},<null>,<ScoreCellRealm>{2527 2528 2529},1
<ScoreTableRealm>{185},<null>,<ScoreCellRealm>{2530 2531 2532},2
<ScoreTableRealm>{186},<GameRoundsRealm>{289},<ScoreCellRealm>{2533 2534 2535},0
<ScoreTableRealm>{186},<null>,<ScoreCellRealm>{2536 2537 2538},3
<ScoreTableRealm>{186},<null>,<ScoreCellRealm>{2539 2540 2541},1
<ScoreTableRealm>{186},<null>,<ScoreCellRealm>{2542 2543 2544},2
<ScoreTableRealm>{187},<GameRoundsRealm>{290},<ScoreCellRealm>{2545 2546 2547},0
<ScoreTableRealm>{187},<null>,<ScoreCellRealm>{2548 2549 2550},3
<ScoreTableRealm>{187},<null>,<ScoreCellRealm>{2551 2552 2553},1
<ScoreTableRealm>{187},<null>,<ScoreCellRealm>{2554 2555 2556},2
<ScoreTableRealm>{188},<GameRoundsRealm>{291},<ScoreCellRealm>{2557 2558 2559 2560},0
<ScoreTableRealm>{188},<null>,<ScoreCellRealm>{2561 2562 2563 2564},3
<ScoreTableRealm>{188},<null>,<ScoreCellRealm>{2565 2566 2567 2568},1
<ScoreTableRealm>{188},<null>,<ScoreCellRealm>{2569 2570 2571 2572},2
<ScoreTableRealm>{189},<GameRoundsRealm>{292},<ScoreCellRealm>{2573 2574 2575 2576},0
<ScoreTableRealm>{189},<null>,<ScoreCellRealm>{2577 2578 2579 2580},3
<ScoreTableRealm>{189},<null>,<ScoreCellRealm>{2581 2582 2583 2584},1
<ScoreTableRealm>{189},<null>,<ScoreCellRealm>{2585 2586 2587 2588},2
<ScoreTableRealm>{190},<GameRoundsRealm>{293},<ScoreCellRealm>{2589 2590 2591 2592},0
<ScoreTableRealm>{190},<null>,<ScoreCellRealm>{2593 2594 2595 2596},3
<ScoreTableRealm>{190},<null>,<ScoreCellRealm>{2597 2598 2599 2600},1
<ScoreTableRealm>{190},<null>,<ScoreCellRealm>{2601 2602 2603 2604},2
<ScoreTableRealm>{191},<GameRoundsRealm>{294},<ScoreCellRealm>{2605 2606},0
<ScoreTableRealm>{191},<null>,<ScoreCellRealm>{2607 2608},3
<ScoreTableRealm>{191},<null>,<ScoreCellRealm>{2609 2610},1
<ScoreTableRealm>{191},<null>,<ScoreCellRealm>{2611 2612},2
<ScoreTableRealm>{192},<GameRoundsRealm>{295},<ScoreCellRealm>{2613 2614},0
<ScoreTableRealm>{192},<null>,<ScoreCellRealm>{2615 2616},3
<ScoreTableRealm>{192},<null>,<ScoreCellRealm>{2617 2618},1
<ScoreTableRealm>{192},<null>,<ScoreCellRealm>{2619 2620},2
<ScoreTableRealm>{193},<GameRoundsRealm>{296},<ScoreCellRealm>{2621 2622},0
<ScoreTableRealm>{193},<null>,<ScoreCellRealm>{2623 2624},3
<ScoreTableRealm>{193},<null>,<ScoreCellRealm>{2625 2626},1
<ScoreTableRealm>{193},<null>,<ScoreCellRealm>{2627 2628},2
<ScoreTableRealm>{194},<GameRoundsRealm>{297},<ScoreCellRealm>{2629 2630},0
<ScoreTableRealm>{194},<null>,<ScoreCellRealm>{2631 2632},3
<ScoreTableRealm>{194},<null>,<ScoreCellRealm>{2633 2634},1
<ScoreTableRealm>{194},<null>,<ScoreCellRealm>{2635 2636},2
<ScoreTableRealm>{195},<GameRoundsRealm>{298},<ScoreCellRealm>{2637 2638},0
<ScoreTableRealm>{195},<null>,<ScoreCellRealm>{2639 2640},3
<ScoreTableRealm>{195},<null>,<ScoreCellRealm>{2641 2642},1
<ScoreTableRealm>{195},<null>,<ScoreCellRealm>{2643 2644},2
<ScoreTableRealm>{196},<GameRoundsRealm>{299},<ScoreCellRealm>{2645 2646},0
<ScoreTableRealm>{196},<null>,<ScoreCellRealm>{2647 2648},3
<ScoreTableRealm>{196},<null>,<ScoreCellRealm>{2649 2650},1
<ScoreTableRealm>{196},<null>,<ScoreCellRealm>{2651 2652},2
<ScoreTableRealm>{197},<GameRoundsRealm>{300},<ScoreCellRealm>{2653 2654},0
<ScoreTableRealm>{197},<null>,<ScoreCellRealm>{2655 2656},3
<ScoreTableRealm>{197},<null>,<ScoreCellRealm>{2657 2658},1
<ScoreTableRealm>{197},<null>,<ScoreCellRealm>{2659 2660},2
